municipio,codigo_ibge,taxa_100k_22,taxa_100k_23,taxa_100k_24,populacao_22,populacao_23,populacao_24
adamantina,3500105,1651.92,1686.34,1790.02,34687,35165.0,35642
adolfo,3500204,2045.51,1630.8,2032.16,4351,4415.0,4478
aguai,3500303,1312.67,1416.26,2587.57,32072,32480.0,32888
aguas da prata,3500402,1221.33,1684.64,1392.24,7369,7420.0,7470
aguas de lindoia,3500501,1238.15,1238.39,1331.87,17930,18088.0,18245
aguas de santa barbara,3500550,1616.27,1865.06,1539.08,7177,7292.0,7407
aguas de sao pedro,3500600,1690.65,1639.93,1307.88,2780,2805.0,2829
agudos,3500709,1640.13,1603.97,1797.89,37680,38280.0,38879
alambari,3500758,1563.26,1523.41,1406.0,6141,6236.0,6330
alfredo marcondes,3500808,832.4,1377.47,2107.11,4445,4501.0,4556
altair,3500907,1101.13,1760.46,1638.4,3451,3465.0,3479
altinopolis,3501004,1545.96,1713.07,1428.07,16818,16987.0,17156
alto alegre,3501103,937.26,932.16,669.59,3841,3862.0,3883
aluminio,3501152,1479.68,1553.36,1665.62,17301,17446.0,17591
alvares florence,3501202,1532.57,1368.13,1407.74,3915,3947.0,3978
alvares machado,3501301,1130.07,1380.03,1320.35,27255,27753.0,28250
alvaro de carvalho,3501400,1455.91,1195.38,1511.44,4808,4852.0,4896
alvinlandia,3501509,727.9,1274.1,821.07,2885,2904.0,2923
americana,3501608,2303.15,2441.43,2143.89,237240,241948.0,246655
americo brasiliense,3501707,1474.91,1686.23,1744.82,33019,33388.0,33757
americo de campos,3501806,1431.01,1029.88,1271.97,5870,5923.0,5975
amparo,3501905,1227.8,1420.21,1464.49,68008,68863.0,69717
analandia,3502002,1917.63,1488.03,1900.09,4589,4637.0,4684
andradina,3502101,2236.42,2244.84,2113.12,59783,60628.0,61473
angatuba,3502200,1586.05,1186.8,1036.23,24022,24267.0,24512
anhembi,3502309,1586.18,1451.05,1526.19,5674,5720.0,5766
anhumas,3502408,1317.42,1229.71,1436.22,4023,4066.0,4108
aparecida,3502507,2612.91,2848.37,2949.76,32569,32896.0,33223
aparecida doeste,3502606,1688.69,1680.88,1818.62,4086,4105.0,4124
apiai,3502705,1330.08,1418.98,1309.97,24585,24736.0,24886
aracariguama,3502754,1826.04,1670.86,1872.07,21522,21845.0,22168
aracatuba,3502804,2485.46,2557.98,2419.44,200124,203950.0,207775
aracoiaba da serra,3502903,1713.77,1521.94,1426.19,32443,33050.0,33656
aramina,3503000,2140.22,2028.14,1918.2,5420,5473.0,5526
arandu,3503109,1031.23,1090.7,1007.09,6885,6968.0,7050
arapei,3503158,686.7,981.65,1231.42,2330,2343.0,2355
araraquara,3503208,2197.52,2251.36,2362.1,242228,247273.0,252318
araras,3503307,2473.52,2534.2,2261.12,130866,133099.0,135331
arcoiris,3503356,929.55,1355.93,719.42,2044,2065.0,2085
arealva,3503406,2472.32,1755.03,1678.74,8130,8205.0,8280
areias,3503505,1509.64,1194.11,2013.79,3577,3601.0,3625
areiopolis,3503604,888.45,1324.31,994.44,10130,10194.0,10257
ariranha,3503703,2038.94,1363.4,1489.61,7602,7628.0,7653
artur nogueira,3503802,1875.39,2124.0,2140.83,51456,52307.0,53157
aruja,3503901,2062.81,2069.96,1954.57,86678,88311.0,89943
aspasia,3503950,597.18,753.5,1441.54,1842,1858.0,1873
assis,3504008,1999.82,2229.53,2289.71,101409,103026.0,104642
atibaia,3504107,1623.73,1719.18,1580.92,158647,162345.0,166043
auriflama,3504206,1511.83,1349.49,1383.98,13692,13783.0,13873
avai,3504305,1896.05,2377.25,1814.56,4483,4501.0,4519
avanhandava,3504404,1837.88,1444.81,1241.48,11263,11351.0,11438
avare,3504503,1698.18,1819.97,1829.38,92805,94452.0,96098
bady bassitt,3504602,1349.96,1413.57,1262.58,27260,28085.0,28909
balbinos,3504701,1209.16,1299.36,2245.77,3887,3925.0,3963
balsamo,3504800,1511.05,1521.85,1248.22,9596,9725.0,9854
bananal,3504909,702.18,1145.53,1058.46,9969,10039.0,10109
barao de antonina,3505005,566.41,1090.91,1105.58,3531,3575.0,3618
barbosa,3505104,1719.86,2318.58,2297.23,5640,5650.0,5659
bariri,3505203,2218.71,2143.75,1721.96,31595,32000.0,32405
barra bonita,3505302,1589.7,1729.35,1726.44,34346,34753.0,35159
barra do chapeu,3505351,675.81,996.55,380.52,5179,5218.0,5256
barra do turvo,3505401,2065.15,2478.62,2585.96,6876,6899.0,6922
barretos,3505500,3196.31,2974.07,2676.94,122485,124543.0,126600
barrinha,3505609,1280.69,1118.36,1042.77,32092,32637.0,33181
barueri,3505708,1836.18,1845.67,2004.61,316473,323406.0,330339
bastos,3505807,1413.76,1414.62,1292.24,21503,21702.0,21900
batatais,3505906,1840.69,2005.48,1825.53,58402,59138.0,59873
bauru,3506003,2405.14,2400.35,2335.22,379146,385443.0,391740
bebedouro,3506102,1961.43,1963.98,1937.09,76373,77292.0,78210
bento de abreu,3506201,1189.56,762.2,1173.35,2606,2624.0,2642
bernardino de campos,3506300,1792.02,2557.54,2202.16,11607,11730.0,11852
bertioga,3506359,3712.53,4344.51,3291.31,64188,65531.0,66873
bilac,3506409,1352.64,1272.51,1006.04,7319,7387.0,7455
birigui,3506508,2186.1,2229.22,2106.71,118979,120984.0,122988
biritiba mirim,3506607,1428.43,1225.71,1323.46,29683,30105.0,30526
boa esperanca do sul,3506706,2080.44,2236.35,2047.96,12978,13057.0,13135
bocaina,3506805,1367.79,1566.49,1395.31,11259,11363.0,11467
bofete,3506904,1625.24,1484.77,1599.93,10460,10574.0,10688
boituva,3507001,2473.76,2578.4,2382.72,61081,62248.0,63415
bom jesus dos perdoes,3507100,1658.64,1402.0,1395.49,22006,22254.0,22501
bom sucesso de itarare,3507159,956.4,1032.65,997.23,3555,3583.0,3610
bora,3507209,1543.55,871.46,1077.59,907,918.0,928
boraceia,3507308,1823.97,1446.84,1700.19,4715,4769.0,4823
borborema,3507407,1876.85,1564.14,1651.06,14226,14321.0,14415
borebi,3507456,1769.26,1636.36,2116.97,2713,2750.0,2787
botucatu,3507506,1976.51,2034.52,1887.77,145155,147799.0,150442
braganca paulista,3507605,1661.1,1836.51,1712.04,176811,180723.0,184634
brauna,3507704,1213.59,997.97,1061.11,5356,5411.0,5466
brejo alegre,3507753,1832.36,1470.02,1305.18,2565,2585.0,2605
brodowski,3507803,1452.32,1518.46,1276.42,25201,25684.0,26167
brotas,3507902,1862.08,1651.42,1707.41,23898,24161.0,24423
buri,3508009,1402.47,1339.07,1417.24,20250,20462.0,20674
buritama,3508108,2347.47,1626.06,1295.68,17210,17404.0,17597
buritizal,3508207,1905.42,2089.96,2203.73,4356,4402.0,4447
cabralia paulista,3508306,1442.2,1800.97,1719.39,4299,4331.0,4362
cabreuva,3508405,1389.04,1449.46,1301.76,47011,47742.0,48473
cacapava,3508504,1764.0,1808.25,1917.17,96202,97940.0,99678
cachoeira paulista,3508603,1542.9,1355.28,1428.48,31564,32023.0,32482
caconde,3508702,1309.86,1449.02,1384.22,17101,17184.0,17266
cafelandia,3508801,1609.22,1382.6,1407.87,16654,16780.0,16905
caiabu,3508900,835.13,1072.67,934.58,3712,3729.0,3745
caieiras,3509007,1490.02,1647.27,1586.66,95032,96645.0,98257
caiua,3509106,951.34,1049.58,931.07,5466,5526.0,5585
cajamar,3509205,2184.73,2011.03,2151.74,92689,95026.0,97363
cajati,3509254,1809.57,1921.35,2187.51,28515,28886.0,29257
cajobi,3509304,1160.63,1382.99,1830.59,9133,9183.0,9232
cajuru,3509403,2228.28,2222.78,2147.25,23830,24024.0,24217
campina do monte alegre,3509452,1377.23,1612.37,1546.82,5954,6016.0,6077
campinas,3509502,3036.22,3151.11,2937.83,1139047,1162512.0,1185977
campo limpo paulista,3509601,2003.04,2087.78,1885.44,77632,78648.0,79663
campos do jordao,3509700,2173.54,2200.97,1988.2,46974,47479.0,47983
campos novos paulista,3509809,1329.79,1740.89,1162.09,4888,4940.0,4991
cananeia,3509908,2018.06,2792.8,2410.12,12289,12389.0,12489
canas,3509957,2149.67,1823.65,2337.1,4931,4990.0,5049
candido mota,3510005,1704.64,1747.68,1826.2,29449,29811.0,30172
candido rodrigues,3510104,2180.69,1849.32,2609.28,2889,2920.0,2951
canitar,3510153,2212.32,1873.83,1900.67,6283,6404.0,6524
capao bonito,3510203,1804.17,1847.66,1702.42,46337,46870.0,47403
capela do alto,3510302,1486.92,1252.58,1610.37,22866,23232.0,23597
capivari,3510401,1470.0,1731.99,1742.08,50068,50693.0,51318
caraguatatuba,3510500,2489.75,2509.08,2538.91,134873,137979.0,141084
carapicuiba,3510609,2192.34,2336.0,2266.97,386984,392723.0,398462
cardoso,3510708,2185.99,2408.48,1871.03,11345,11418.0,11491
casa branca,3510807,1937.11,1892.03,2032.24,28083,28435.0,28786
cassia dos coqueiros,3510906,964.63,778.21,1295.97,2799,2827.0,2855
castilho,3511003,1737.0,1955.64,1611.32,19977,20198.0,20418
catanduva,3511102,2143.52,2132.24,2076.83,115791,117482.0,119172
catigua,3511201,1413.68,1275.87,1604.5,7003,7054.0,7105
cedral,3511300,1783.17,1745.67,1512.16,12618,12889.0,13160
cerqueira cesar,3511409,1891.1,1860.1,2070.12,21469,21773.0,22076
cerquilho,3511508,1060.52,1388.16,1302.55,44695,45456.0,46217
cesario lange,3511607,1443.72,1325.19,1388.61,19048,19318.0,19588
charqueada,3511706,1667.2,1748.9,1322.95,15535,15667.0,15798
chavantes,3557204,1744.33,1608.32,1611.47,12211,12311.0,12411
clementina,3511904,1317.67,1478.32,1425.14,6982,7035.0,7087
colina,3512001,1693.17,1484.14,1188.83,18486,18664.0,18842
colombia,3512100,2323.13,2043.25,2285.8,6629,6705.0,6781
conchal,3512209,2273.94,2327.78,2083.76,28101,28568.0,29034
conchas,3512308,1418.07,1848.83,1677.39,15232,15307.0,15381
cordeiropolis,3512407,2268.09,2163.4,2013.53,24514,24822.0,25130
coroados,3512506,1222.22,1376.4,1746.09,5400,5449.0,5498
coronel macedo,3512605,1168.22,1399.25,838.18,4280,4288.0,4295
corumbatai,3512704,1573.3,2051.89,1750.29,4195,4240.0,4285
cosmopolis,3512803,1957.41,2087.98,2073.39,59773,60489.0,61204
cosmorama,3512902,2259.43,1899.59,1572.26,8719,8844.0,8968
cotia,3513009,2021.04,2296.68,2152.58,274413,280709.0,287004
cravinhos,3513108,1541.42,1785.77,1521.08,33281,33767.0,34252
cristais paulista,3513207,1639.34,2232.14,1844.28,9272,9408.0,9543
cruzalia,3513306,711.57,1179.8,1174.26,2108,2119.0,2129
cruzeiro,3513405,2033.06,1925.08,1674.23,74961,75737.0,76513
cubatao,3513504,2189.8,2527.71,2613.79,112476,113779.0,115082
cunha,3513603,891.0,960.37,926.26,22110,22283.0,22456
descalvado,3513702,1571.36,1516.05,1569.49,31756,32189.0,32622
diadema,3513801,3156.11,3009.95,2477.49,393237,398678.0,404118
dirce reis,3513850,864.2,1471.49,975.02,1620,1631.0,1641
divinolandia,3513900,1299.52,1699.89,1087.15,11158,11236.0,11314
dobrada,3514007,924.76,722.43,1004.69,8759,8859.0,8958
dois corregos,3514106,1762.55,1944.66,1854.76,24510,24683.0,24855
dolcinopolis,3514205,1449.93,1929.12,1422.22,2207,2229.0,2250
dourado,3514304,1111.66,1645.99,1343.76,8096,8141.0,8186
dracena,3514403,2458.55,2557.03,2365.85,45474,46069.0,46664
duartina,3514502,1314.08,1279.27,1277.04,12328,12429.0,12529
dumont,3514601,939.71,1052.63,843.71,9471,9595.0,9719
echapora,3514700,1160.35,1200.0,1239.08,6205,6250.0,6295
eldorado,3514809,1262.53,1189.39,1170.03,13069,13116.0,13162
elias fausto,3514908,1265.61,1474.78,1430.7,17699,17901.0,18103
elisiario,3514924,1179.09,1264.22,972.09,3138,3164.0,3189
embauba,3514957,817.91,641.57,594.99,2323,2338.0,2353
embu das artes,3515004,1824.56,2067.39,2093.14,250691,255007.0,259323
embuguacu,3515103,1860.53,1923.76,1826.9,66970,67888.0,68805
emilianopolis,3515129,895.82,921.66,816.46,3014,3038.0,3062
engenheiro coelho,3515152,1170.4,1239.11,1137.1,19566,19853.0,20139
espirito santo do pinhal,3515186,1732.97,1714.33,1725.62,39816,40249.0,40681
espirito santo do turvo,3515194,1924.46,2006.21,2039.36,4157,4187.0,4217
estiva gerbi,3557303,2169.1,1985.83,1954.0,11295,11431.0,11566
estrela do norte,3515301,1109.88,1320.62,1491.45,2703,2726.0,2749
estrela doeste,3515202,1529.15,1740.77,1336.1,9417,9536.0,9655
euclides da cunha paulista,3515350,1072.69,1110.27,1059.54,7924,7926.0,7928
fartura,3515400,1971.04,1927.08,1825.25,16641,16813.0,16984
fernando prestes,3515608,2339.28,1882.08,1862.84,5942,6004.0,6066
fernandopolis,3515509,2250.44,2131.9,2052.23,71186,72236.0,73286
fernao,3515657,1992.75,2749.55,1420.96,1656,1673.0,1689
ferraz de vasconcelos,3515707,2767.33,2491.09,2205.02,179198,182410.0,185622
flora rica,3515806,1681.24,1744.97,1273.46,1487,1490.0,1492
floreal,3515905,1756.31,1930.78,1523.95,2733,2745.0,2756
florida paulista,3516002,949.22,1194.03,1146.46,12958,13065.0,13171
florinea,3516101,1506.1,1811.69,1153.75,3851,3919.0,3987
franca,3516200,2272.68,2377.29,2192.51,352536,358434.0,364331
francisco morato,3516309,1756.1,2053.85,2012.19,165139,168123.0,171107
franco da rocha,3516408,1891.63,1914.23,1990.17,144849,147318.0,149786
gabriel monteiro,3516507,1013.39,861.14,1138.38,2763,2787.0,2811
galia,3516606,2445.14,2777.78,2828.28,6380,6408.0,6435
garca,3516705,2821.18,2773.8,2495.65,42110,42613.0,43115
gastao vidigal,3516804,1291.51,1263.87,1267.39,3252,3244.0,3235
gaviao peixoto,3516853,1424.93,1515.79,1000.63,4702,4750.0,4797
general salgado,3516903,1047.32,992.2,1004.88,10312,10381.0,10449
getulina,3517000,1446.44,1593.16,1361.66,10232,10294.0,10355
glicerio,3517109,2174.96,1347.45,1725.38,4138,4156.0,4173
guaicara,3517208,1966.37,2467.18,2364.95,11239,11349.0,11459
guaimbe,3517307,2195.21,2230.62,2640.03,5512,5559.0,5606
guaira,3517406,1988.34,1927.13,1919.65,39279,39852.0,40424
guapiacu,3517505,1386.39,1598.98,1586.31,21711,22014.0,22316
guapiara,3517604,1312.17,1025.4,1332.87,17071,17164.0,17256
guara,3517703,2445.45,3593.97,3304.95,18606,18698.0,18790
guaracai,3517802,1276.71,1178.99,828.21,7441,7464.0,7486
guaraci,3517901,2106.28,2192.23,2172.26,10350,10446.0,10542
guarani doeste,3518008,1473.58,1663.31,1450.73,1968,1984.0,1999
guaranta,3518107,2256.11,2253.43,1868.01,6427,6479.0,6531
guararapes,3518206,1317.53,1465.45,1458.96,31043,31458.0,31872
guararema,3518305,1786.4,2098.25,1627.82,31236,31836.0,32436
guaratingueta,3518404,1711.23,1627.5,1647.36,118044,119877.0,121710
guarei,3518503,1292.21,1109.57,1270.63,15013,15141.0,15268
guariba,3518602,2117.45,1629.26,1577.35,37498,38054.0,38609
guaruja,3518701,2825.47,3281.45,2620.24,287634,291304.0,294973
guarulhos,3518800,2338.96,2329.8,2430.64,1291771,1318568.0,1345364
guatapara,3518859,2103.83,2760.11,2693.65,7320,7391.0,7462
guzolandia,3518909,2072.54,1783.62,1777.36,4246,4261.0,4276
herculandia,3519006,1216.44,1182.98,1107.29,9125,9214.0,9302
holambra,3519055,1060.02,1257.74,1083.61,15094,15345.0,15596
hortolandia,3519071,2011.49,2203.02,2105.28,236641,241986.0,247331
iacanga,3519105,2194.12,2021.83,2257.12,10437,10535.0,10633
iacri,3519204,1402.71,1183.34,1723.86,6131,6169.0,6207
iaras,3519253,1423.22,1413.82,1247.43,8010,8134.0,8257
ibate,3519303,1180.93,1528.61,1685.29,32178,32644.0,33110
ibira,3519402,1471.34,1693.19,1248.53,11690,11812.0,11934
ibirarema,3519501,1080.66,1494.63,1439.41,6385,6423.0,6461
ibitinga,3519600,2985.02,2338.82,2435.87,60033,60971.0,61908
ibiuna,3519709,1696.98,1782.64,1831.27,75605,76628.0,77651
icem,3519808,1278.94,1824.17,1744.26,7819,7894.0,7969
iepe,3519907,1614.39,1471.55,1434.29,7619,7679.0,7739
igaracu do tiete,3520004,1484.46,1946.88,2108.41,23106,23268.0,23430
igarapava,3520103,2006.71,2265.52,2276.21,26212,26484.0,26755
igarata,3520202,2102.78,2231.52,2237.71,10605,10755.0,10904
iguape,3520301,2366.48,2430.67,2151.87,29115,29498.0,29881
ilha comprida,3520426,7213.65,4668.66,4206.38,13419,13687.0,13955
ilha solteira,3520442,2465.85,2104.65,2145.58,25549,25895.0,26240
ilhabela,3520400,2318.66,2792.43,2832.45,34934,35632.0,36329
indaiatuba,3520509,1472.93,1717.91,1644.91,255748,261772.0,267796
indiana,3520608,1611.0,1400.51,1329.22,5090,5141.0,5191
indiapora,3520707,2156.13,1866.4,2117.3,4035,4072.0,4109
inubia paulista,3520806,940.53,466.65,381.37,3615,3643.0,3671
ipaussu,3520905,1458.58,1200.9,1162.71,13712,13823.0,13933
ipero,3521002,1327.52,1275.89,1278.98,36459,37229.0,37999
ipeuna,3521101,1537.11,1894.43,1557.37,6831,6915.0,6999
ipigua,3521150,1508.65,1550.95,1406.85,6761,6899.0,7037
iporanga,3521200,1680.67,1376.26,1833.29,4046,4069.0,4091
ipua,3521309,2469.9,4446.58,4608.26,14454,14573.0,14691
iracemapolis,3521408,1379.34,1283.73,1363.94,21967,22201.0,22435
irapua,3521507,1368.87,1708.41,1842.79,6867,6907.0,6946
irapuru,3521606,1213.83,1419.54,1385.58,7085,7115.0,7145
itabera,3521705,1006.51,1065.06,1226.86,17983,18121.0,18258
itai,3521804,1759.33,1342.2,1145.39,25180,25555.0,25930
itajobi,3521903,1300.84,1156.64,1291.62,16989,17205.0,17420
itaju,3522000,1354.34,1092.9,1107.51,3618,3660.0,3702
itanhaem,3522109,4116.43,3885.83,3926.43,112476,114956.0,117435
itaoca,3522158,672.12,983.8,888.25,3422,3456.0,3490
itapecerica da serra,3522208,2412.28,2554.81,2452.3,158522,161225.0,163928
itapetininga,3522307,1879.71,2117.15,2114.5,157790,160782.0,163774
itapeva,3522406,1509.0,1416.08,1571.64,89728,91026.0,92324
itapevi,3522505,1831.28,1969.12,2073.38,232297,237111.0,241924
itapira,3522604,2136.85,1752.75,2002.19,72022,72971.0,73919
itapirapua paulista,3522653,789.6,367.31,476.73,4306,4356.0,4405
itapolis,3522703,1977.57,2216.16,2122.87,39493,39979.0,40464
itaporanga,3522802,1100.46,1474.63,1276.3,14085,14173.0,14260
itapui,3522901,1698.51,1635.07,1852.12,13659,13822.0,13984
itapura,3523008,1382.26,1451.09,1993.02,3979,3997.0,4014
itaquaquecetuba,3523107,2523.05,2386.02,2176.61,369275,375898.0,382521
itarare,3523206,2020.79,1980.71,1908.35,44438,44883.0,45327
itariri,3523305,1597.11,1508.47,1509.96,15528,15645.0,15762
itatiba,3523404,1483.67,1608.91,1515.79,121590,123997.0,126403
itatinga,3523503,1442.06,1558.52,1647.19,19070,19249.0,19427
itirapina,3523602,1956.9,2571.97,2306.33,16148,16291.0,16433
itirapua,3523701,1834.23,1838.49,2132.74,5779,5820.0,5861
itobi,3523800,1454.14,1513.29,1839.22,8046,8128.0,8210
itu,3523909,1383.74,2064.75,1836.03,168240,171401.0,174561
itupeva,3524006,1525.15,1698.26,1650.05,70616,72368.0,74119
ituverava,3524105,1831.2,2441.4,2416.06,37571,38011.0,38451
jaborandi,3524204,1044.85,1294.55,1096.46,6221,6257.0,6293
jaboticabal,3524303,2255.61,2140.58,1757.25,71821,72644.0,73467
jacarei,3524402,1723.44,1770.14,1701.82,240275,245122.0,249968
jaci,3524501,1274.14,1290.99,1396.29,7613,7746.0,7878
jacupiranga,3524600,1397.78,1594.96,1507.32,16097,16176.0,16254
jaguariuna,3524709,2783.63,2190.71,1975.7,59347,60574.0,61801
jales,3524808,2388.47,2571.01,2517.14,48776,49397.0,50017
jambeiro,3524907,1344.38,1557.2,1749.05,6397,6486.0,6575
jandira,3525003,1592.61,1524.78,1511.62,118045,120017.0,121988
jardinopolis,3525102,1894.79,2179.06,1566.1,45282,46075.0,46868
jarinu,3525201,1441.32,1507.8,1694.87,37535,38533.0,39531
jau,3525300,2146.86,2299.68,2334.64,133497,135410.0,137323
jeriquara,3525409,2562.78,3724.49,3898.39,3863,3920.0,3976
joanopolis,3525508,1708.93,1790.81,1596.03,12815,12955.0,13095
joao ramalho,3525607,1807.37,1699.14,1526.03,4371,4414.0,4456
jose bonifacio,3525706,1777.09,2196.21,1690.48,36633,37246.0,37859
julio mesquita,3525805,1810.06,1004.44,1114.21,4254,4281.0,4308
jumirim,3525854,1145.29,1165.05,1120.72,3056,3090.0,3123
jundiai,3525904,2004.87,1929.98,1885.67,443221,451767.0,460313
junqueiropolis,3526001,1251.96,1538.98,1345.91,20448,20663.0,20878
juquia,3526100,2524.19,2673.64,2561.58,17154,17205.0,17255
juquitiba,3526209,2156.62,2317.19,2527.94,27404,27706.0,28007
lagoinha,3526308,1121.39,1383.21,945.58,5083,5133.0,5182
laranjal paulista,3526407,1492.71,1719.54,1669.81,26261,26635.0,27009
lavinia,3526506,1052.74,1602.2,1655.06,9689,9799.0,9909
lavrinhas,3526605,1659.46,1255.17,1105.35,7171,7250.0,7328
leme,3526704,2357.35,2337.1,2177.35,98161,99739.0,101316
lencois paulista,3526803,1536.73,1773.17,1643.39,66505,67450.0,68395
limeira,3526902,2373.67,2582.53,2271.82,291869,296299.0,300728
lindoia,3527009,1126.32,1228.64,1371.2,7014,7081.0,7147
lins,3527108,3163.99,2758.93,2630.04,74779,75754.0,76729
lorena,3527207,1818.4,1750.03,1592.08,84855,86113.0,87370
lourdes,3527256,769.23,1123.02,1168.7,1950,1959.0,1968
louveira,3527306,1164.97,1309.95,1332.45,51847,52979.0,54111
lucelia,3527405,1689.85,1543.26,1929.12,20061,20217.0,20372
lucianopolis,3527504,1053.96,1210.35,1281.52,2372,2396.0,2419
luis antonio,3527603,1573.58,1484.11,1468.36,12265,12398.0,12531
luiziania,3527702,872.15,973.34,820.88,4701,4726.0,4751
lupercio,3527801,1306.2,1050.26,1394.08,3981,3999.0,4017
lutecia,3527900,1315.3,858.21,1074.47,2661,2680.0,2699
macatuba,3528007,1479.59,1107.51,1115.65,16829,16975.0,17120
macaubal,3528106,1056.01,1035.31,1383.95,7481,7534.0,7587
macedonia,3528205,1160.74,948.58,790.51,3963,4006.0,4048
magda,3528304,884.68,1097.52,996.26,3165,3189.0,3212
mairinque,3528403,1361.26,1429.86,1457.61,50027,50844.0,51660
mairipora,3528502,1804.95,1753.71,1752.58,93853,95626.0,97399
manduri,3528601,1002.94,971.75,1149.43,9871,9982.0,10092
maraba paulista,3528700,765.36,956.52,1037.39,4573,4600.0,4627
maracai,3528809,1562.38,1356.86,1590.52,12673,12750.0,12826
marapoama,3528858,1458.08,1077.2,1149.76,3292,3342.0,3392
mariapolis,3528908,1053.23,907.54,988.98,3513,3526.0,3539
marilia,3529005,2395.35,2293.01,2212.25,237627,242127.0,246627
marinopolis,3529104,967.74,1233.24,1229.95,1860,1865.0,1870
martinopolis,3529203,1539.33,1693.9,1857.78,24881,25090.0,25299
matao,3529302,1776.47,1892.12,1465.47,79033,80016.0,80998
maua,3529401,2409.02,2319.61,2150.31,418261,423821.0,429380
mendonca,3529500,2143.21,2330.78,2151.04,6159,6264.0,6369
meridiano,3529609,1224.85,1014.02,1064.51,4572,4635.0,4697
mesopolis,3529658,1588.11,1015.23,1861.17,1952,1970.0,1988
miguelopolis,3529708,2962.81,3140.99,2192.83,19441,19548.0,19655
mineiros do tiete,3529807,1763.13,1541.19,1436.25,11230,11290.0,11349
mira estrela,3530003,991.68,1738.86,1031.57,3126,3163.0,3199
miracatu,3529906,3007.6,3072.63,3431.66,18553,18616.0,18679
mirandopolis,3530102,1307.94,1759.52,1558.97,27983,28360.0,28737
mirante do paranapanema,3530201,2161.21,1663.23,1667.81,15917,15993.0,16069
mirassol,3530300,1654.64,1873.9,1684.36,63337,64411.0,65485
mirassolandia,3530409,1584.92,2055.08,2033.12,4669,4720.0,4771
mococa,3530508,2440.86,2694.77,2385.9,67681,68503.0,69324
mogi das cruzes,3530607,2054.68,2059.1,1858.93,451505,459813.0,468120
mogi guacu,3530706,2285.6,2240.63,2064.04,153658,156697.0,159735
mogi mirim,3530805,2362.84,2101.1,2109.2,92558,94046.0,95534
mombuca,3530904,1450.83,1724.6,1363.04,3722,3769.0,3815
moncoes,3531001,1342.28,1336.07,1023.54,1937,1946.0,1954
mongagua,3531100,5597.97,5416.3,4967.53,61951,63235.0,64519
monte alegre do sul,3531209,1112.79,1131.43,1138.28,8627,8750.0,8873
monte alto,3531308,1694.2,1514.02,1485.89,47574,48150.0,48725
monte aprazivel,3531407,1907.54,1838.42,1885.21,22280,22465.0,22650
monte azul paulista,3531506,1663.82,2344.31,1824.32,18151,18257.0,18363
monte castelo,3531605,1136.9,1384.33,1511.28,4222,4262.0,4301
monte mor,3531803,1592.9,1671.74,1540.95,64662,65979.0,67296
monteiro lobato,3531704,1909.13,2253.12,1712.25,4138,4172.0,4205
morro agudo,3531902,1847.28,2463.98,2342.35,27933,28247.0,28561
morungaba,3532009,1071.43,1222.93,1157.59,13720,13901.0,14081
motuca,3532058,1239.46,739.46,858.05,4034,4057.0,4079
murutinga do sul,3532108,1364.73,1600.0,1302.15,3737,3750.0,3763
nantes,3532157,1428.57,1791.04,1185.62,2660,2680.0,2699
narandiba,3532207,2625.59,1979.01,2132.7,5713,5811.0,5908
natividade da serra,3532306,871.55,1117.87,1303.62,6999,7067.0,7134
nazare paulista,3532405,1526.05,1444.16,1509.13,18217,18419.0,18620
neves paulista,3532504,1226.93,1233.44,1128.92,9699,9810.0,9921
nhandeara,3532603,1522.53,1252.78,1377.72,9852,9898.0,9944
nipoa,3532702,1347.37,1602.5,1419.75,4750,4805.0,4860
nova alianca,3532801,1075.75,1283.94,1122.78,6693,6776.0,6858
nova campina,3532827,1271.04,980.85,1309.23,8497,8564.0,8631
nova canaa paulista,3532843,1230.31,1026.89,1457.73,2032,2045.0,2058
nova castilho,3532868,1224.11,1029.96,931.1,1062,1068.0,1074
nova europa,3532900,1600.26,1172.08,1522.36,9311,9385.0,9459
nova granada,3533007,1447.04,1604.33,1302.92,19419,19572.0,19725
nova guataporanga,3533106,1113.17,1058.93,1142.6,2156,2172.0,2188
nova independencia,3533205,1475.37,1616.33,1376.43,4609,4702.0,4795
nova luzitania,3533304,916.46,951.37,1797.04,2837,2838.0,2838
nova odessa,3533403,1546.3,1786.96,1709.53,62019,63124.0,64228
novais,3533254,1155.94,990.77,1185.95,4412,4441.0,4469
novo horizonte,3533502,2176.18,2227.37,1825.79,38324,38880.0,39435
nuporanga,3533601,2070.09,2810.87,2039.74,7391,7471.0,7550
ocaucu,3533700,1408.45,1349.5,1405.26,4331,4372.0,4412
oleo,3533809,796.18,1068.88,1220.47,2512,2526.0,2540
olimpia,3533908,1953.73,1638.99,1661.35,55074,55888.0,56701
onda verde,3534005,1655.84,1693.52,1934.04,4771,4842.0,4912
oriente,3534104,1068.2,1239.2,1084.14,6085,6133.0,6180
orindiuva,3534203,879.81,1002.47,846.22,6024,6085.0,6145
orlandia,3534302,1106.5,1530.09,1518.13,38319,38756.0,39193
osasco,3534401,2732.31,2820.2,2473.47,728615,742784.0,756952
oscar bressane,3534500,1376.52,1085.65,758.79,2470,2487.0,2504
osvaldo cruz,3534609,1643.64,1912.52,1763.29,31272,31686.0,32099
ourinhos,3534708,2240.07,2306.88,2237.15,103970,105424.0,106877
ouro verde,3534807,1208.38,1377.55,1164.41,7779,7840.0,7901
ouroeste,3534757,1729.16,1570.13,1708.19,10294,10445.0,10596
pacaembu,3534906,1135.98,1694.69,1498.32,14877,15047.0,15217
palestina,3535002,1202.51,1364.07,1026.61,11476,11583.0,11689
palmares paulista,3535101,1378.24,1342.98,1380.16,9650,9680.0,9709
palmeira doeste,3535200,1943.17,1452.68,1434.29,8903,8949.0,8994
palmital,3535309,2169.03,2337.28,2246.17,19594,19681.0,19767
panorama,3535408,1978.08,2061.1,1728.67,14964,15089.0,15214
paraguacu paulista,3535507,1575.88,1711.37,1501.65,41120,41604.0,42087
paraibuna,3535606,1466.01,1718.23,1699.16,17667,17809.0,17950
paraiso,3535705,1360.88,942.32,837.22,6099,6155.0,6211
paranapanema,3535804,1268.37,1296.12,1252.59,19395,19597.0,19799
paranapua,3535903,2331.93,2210.76,2432.5,4031,4071.0,4111
parapua,3536000,1786.39,1708.12,1183.71,10580,10655.0,10729
pardinho,3536109,1887.32,1802.42,1733.95,7153,7268.0,7382
pariqueraacu,3536208,1414.24,1520.23,1680.63,19233,19405.0,19576
parisi,3536257,1867.22,1934.17,2265.91,2892,2947.0,3001
patrocinio paulista,3536307,1977.67,2057.92,1934.35,14512,14675.0,14837
pauliceia,3536406,1081.08,1089.38,1170.73,7955,8078.0,8200
paulinia,3536505,2215.55,2155.35,2015.73,110537,113114.0,115690
paulistania,3536570,1626.79,944.29,1351.35,2090,2118.0,2146
paulo de faria,3536604,1081.08,1132.84,1157.47,7400,7415.0,7430
pederneiras,3536703,2025.56,1853.93,1951.41,44827,45525.0,46223
pedra bela,3536802,1052.31,828.56,997.32,6557,6638.0,6718
pedranopolis,3536901,1255.83,709.72,1158.71,2787,2818.0,2848
pedregulho,3537008,1764.9,2027.63,2242.41,15525,15634.0,15742
pedreira,3537107,1273.43,1289.97,1285.75,43112,43722.0,44332
pedrinhas paulista,3537156,677.6,602.62,845.67,2804,2821.0,2838
pedro de toledo,3537206,1959.05,1665.21,1759.25,11281,11410.0,11539
penapolis,3537305,2396.28,2230.47,1922.07,61679,62498.0,63317
pereira barreto,3537404,1780.45,1683.03,1767.19,24095,24242.0,24389
pereiras,3537503,1465.03,1310.29,1382.54,8737,8853.0,8969
peruibe,3537602,4365.64,4129.71,5178.4,68352,69448.0,70543
piacatu,3537701,942.2,1005.21,1138.18,5519,5571.0,5623
piedade,3537800,1219.56,1290.95,1202.13,52970,53604.0,54237
pilar do sul,3537909,1140.52,1409.81,1126.09,27619,28018.0,28417
pindamonhangaba,3538006,1510.63,1555.76,1448.03,165428,168728.0,172027
pindorama,3538105,1526.61,1332.7,1399.36,14542,14632.0,14721
pinhalzinho,3538204,1162.64,1368.8,1570.01,15224,15415.0,15605
piquerobi,3538303,919.12,975.61,1061.89,3264,3280.0,3296
piquete,3538501,1481.18,1388.67,1344.47,12490,12530.0,12570
piracaia,3538600,1452.23,1420.62,1236.74,26029,26397.0,26764
piracicaba,3538709,1814.22,1849.56,1842.64,423323,431075.0,438827
piraju,3538808,1470.99,1517.64,1685.34,29436,29849.0,30261
pirajui,3538907,1212.61,1456.59,1868.71,22431,22587.0,22743
pirangi,3539004,1451.54,1420.64,1291.08,10885,10981.0,11076
pirapora do bom jesus,3539103,1257.49,1596.52,1401.57,18370,18603.0,18836
pirapozinho,3539202,1357.11,1447.08,1599.85,25348,25707.0,26065
pirassununga,3539301,1524.24,1870.89,1631.0,73545,74510.0,75475
piratininga,3539400,1542.23,1963.34,1716.6,15108,15331.0,15554
pitangueiras,3539509,1449.19,1815.24,1447.0,33674,34045.0,34416
planalto,3539608,1480.98,1492.54,1661.43,4389,4422.0,4454
platina,3539707,1752.07,1215.91,1796.8,3025,3043.0,3061
poa,3539806,2954.75,2843.06,2810.27,103765,105098.0,106431
poloni,3539905,1502.15,1771.79,1386.94,5592,5644.0,5696
pompeia,3540002,1010.1,1130.0,1135.92,20196,20354.0,20512
pongai,3540101,1914.58,1696.4,1684.58,3395,3419.0,3443
pontal,3540200,1281.68,1387.13,1422.76,37607,37992.0,38376
pontalinda,3540259,1817.3,1753.96,1596.76,4127,4162.0,4196
pontes gestal,3540309,963.55,1416.08,1697.72,2387,2401.0,2415
populina,3540408,1429.61,1106.83,1266.43,4127,4156.0,4185
porangaba,3540507,1837.14,1394.65,1522.32,10451,10612.0,10773
porto feliz,3540606,1196.52,1666.64,1420.86,56497,57421.0,58345
porto ferreira,3540705,1620.16,1782.53,1983.69,52649,53295.0,53940
potim,3540754,1304.43,1666.67,1776.86,20392,20580.0,20767
potirendaba,3540804,1924.74,1675.11,1690.01,18496,18745.0,18994
pracinha,3540853,775.8,849.75,961.91,2578,2589.0,2599
pradopolis,3540903,1516.57,1459.81,1334.57,17078,17194.0,17309
praia grande,3541000,3432.64,3809.02,3604.71,349935,357756.0,365577
pratania,3541059,2106.91,2082.53,1639.34,5126,5186.0,5246
presidente alves,3541109,998.95,1334.03,1197.6,3804,3823.0,3841
presidente bernardes,3541208,759.14,1059.39,913.89,14490,14631.0,14772
presidente epitacio,3541307,1890.9,2260.66,2151.9,39505,39944.0,40383
presidente prudente,3541406,2165.57,2083.3,2074.05,225668,229876.0,234083
presidente venceslau,3541505,1553.93,1575.16,1565.37,35201,35552.0,35902
promissao,3541604,1821.75,1690.05,1653.19,35131,35561.0,35991
quadra,3541653,1350.95,1424.83,1555.3,3405,3439.0,3472
quata,3541703,1344.68,1129.43,1358.31,13163,13281.0,13399
queiroz,3541802,1500.77,1813.78,1671.14,3265,3308.0,3351
queluz,3541901,2423.85,2556.54,2011.81,9159,9153.0,9146
quintana,3542008,909.35,1065.62,678.2,7038,7132.0,7225
rafard,3542107,1003.9,1513.98,1094.93,8965,9049.0,9133
rancharia,3542206,1972.86,1955.3,1846.1,28588,28947.0,29305
redencao da serra,3542305,1112.59,1054.25,1236.17,4494,4553.0,4611
regente feijo,3542404,1523.95,1424.71,1419.89,20145,20355.0,20565
reginopolis,3542503,796.14,969.62,1063.01,7662,7735.0,7808
registro,3542602,1903.35,1862.26,1927.69,59947,60840.0,61732
restinga,3542701,2108.06,2078.16,1571.16,6404,6448.0,6492
ribeira,3542800,989.78,920.93,1231.84,3132,3149.0,3166
ribeirao bonito,3542909,1665.3,1277.87,1435.15,10989,11034.0,11079
ribeirao branco,3543006,885.81,894.62,1204.44,18627,18779.0,18930
ribeirao corrente,3543105,1302.08,2576.77,2974.93,4608,4657.0,4706
ribeirao do sul,3543204,1004.92,1016.3,1363.26,4677,4723.0,4768
ribeirao dos indios,3543238,691.36,540.54,831.3,2025,2035.0,2045
ribeirao grande,3543253,697.99,905.46,594.45,7450,7510.0,7570
ribeirao pires,3543303,1632.93,1700.25,1364.44,115559,117218.0,118877
ribeirao preto,3543402,2554.53,2571.33,2450.58,698642,713521.0,728400
rifaina,3543600,3013.09,4117.93,3631.55,4049,4104.0,4158
rincao,3543709,2758.85,2126.73,1760.52,9098,9122.0,9145
rinopolis,3543808,1188.03,1461.11,812.23,9259,9308.0,9357
rio claro,3543907,2525.59,2417.88,2530.44,201418,205138.0,208857
rio das pedras,3544004,1292.77,1556.7,1484.49,31328,31798.0,32267
rio grande da serra,3544103,1256.51,1443.77,1266.63,44170,44744.0,45317
riolandia,3544202,1610.24,1541.28,2095.09,10309,10381.0,10453
riversul,3543501,1250.22,1547.22,920.84,5599,5623.0,5647
rosana,3544251,1215.6,1503.97,1385.96,17440,17487.0,17533
roseira,3544301,1744.83,1815.03,1856.69,10832,10964.0,11095
rubiacea,3544400,1444.44,1359.79,583.73,2700,2721.0,2741
rubineia,3544509,939.21,1615.8,1614.12,3833,3899.0,3965
sabino,3544608,3071.21,2816.08,3027.97,5112,5149.0,5185
sagres,3544707,1131.77,1281.54,913.06,2474,2497.0,2519
sales,3544806,1802.08,1931.03,2434.97,6437,6525.0,6612
sales oliveira,3544905,1349.57,1361.31,1681.83,11411,11533.0,11654
salesopolis,3545001,1420.87,1621.02,1519.88,15202,15299.0,15396
salmourao,3545100,915.14,1382.58,1331.15,4808,4846.0,4883
saltinho,3545159,1127.31,1028.31,1015.41,8161,8266.0,8371
salto,3545209,1045.27,1209.72,1170.38,134319,137222.0,140125
salto de pirapora,3545308,1380.63,1543.55,1344.76,43748,44443.0,45138
salto grande,3545407,2254.14,2869.35,2105.95,9050,9131.0,9212
sandovalina,3545506,1700.96,1552.29,1324.68,3645,3672.0,3699
santa adelia,3545605,1276.93,1870.88,1563.05,14018,14111.0,14203
santa albertina,3545704,891.6,896.72,932.29,6393,6468.0,6543
santa barbara doeste,3545803,1773.14,1943.19,1743.97,183347,186343.0,189338
santa branca,3546009,1466.91,1858.95,1555.02,13975,14094.0,14212
santa clara doeste,3546108,1385.68,1250.95,1120.66,2598,2638.0,2677
santa cruz da conceicao,3546207,1800.33,1643.14,1534.94,4277,4321.0,4365
santa cruz da esperanca,3546256,1181.47,1449.28,1480.11,2116,2139.0,2162
santa cruz das palmeiras,3546306,1749.58,1781.13,1808.64,28864,29195.0,29525
santa cruz do rio pardo,3546405,1884.07,1967.7,1998.87,46442,47060.0,47677
santa ernestina,3546504,1536.45,2004.2,815.22,6118,6187.0,6256
santa fe do sul,3546603,2417.08,2240.03,2174.64,34794,35446.0,36098
santa gertrudes,3546702,1571.3,1768.72,1563.86,23611,23859.0,24107
santa isabel,3546801,1412.34,1655.53,1212.77,53174,53880.0,54586
santa lucia,3546900,965.17,1688.76,1490.04,7149,7165.0,7181
santa maria da serra,3547007,1621.21,1591.21,1900.64,5243,5279.0,5314
santa mercedes,3547106,1082.54,837.8,1029.22,2956,2984.0,3012
santa rita do passa quatro,3547502,1779.89,1763.74,1715.88,24833,24947.0,25060
santa rita doeste,3547403,914.75,760.32,501.79,2733,2762.0,2790
santa rosa de viterbo,3547601,1307.08,1608.11,1483.67,23411,23568.0,23725
santa salete,3547650,1823.71,1260.5,830.37,1645,1666.0,1686
santana da ponte pensa,3547205,1856.29,1068.88,1472.32,1670,1684.0,1698
santana de parnaiba,3547304,1184.91,1281.1,1254.15,154105,158223.0,162341
santo anastacio,3547700,829.48,1044.21,1235.8,17963,18004.0,18045
santo andre,3547809,3487.43,3340.47,3115.4,748919,763815.0,778711
santo antonio da alegria,3547908,2036.9,2322.52,1980.63,6775,6846.0,6917
santo antonio de posse,3548005,1574.6,1735.28,1774.68,23244,23512.0,23779
santo antonio do aracangua,3548054,1456.02,1203.68,1447.25,8379,8474.0,8568
santo antonio do jardim,3548104,1322.23,1779.36,1314.73,6126,6182.0,6237
santo antonio do pinhal,3548203,1514.09,1677.29,1672.61,7133,7214.0,7294
santo expedito,3548302,1966.67,1517.15,1403.85,3000,3032.0,3063
santopolis do aguapei,3548401,1564.5,1455.57,1627.26,3899,3916.0,3933
santos,3548500,2673.38,3077.66,2633.81,418608,424088.0,429567
sao bento do sapucai,3548609,873.74,1075.27,761.63,11674,11811.0,11948
sao bernardo do campo,3548708,2838.8,2539.93,2334.33,810729,825614.0,840499
sao caetano do sul,3548807,2487.1,2425.95,2181.76,165655,168882.0,172109
sao carlos,3548906,2355.83,2172.06,2009.47,254857,260076.0,265294
sao francisco,3549003,1114.53,1337.92,1065.04,2602,2616.0,2629
sao joao da boa vista,3549102,1793.68,1905.37,1945.45,92547,94155.0,95762
sao joao das duas pontes,3549201,1395.35,807.38,915.33,2580,2601.0,2622
sao joao de iracema,3549250,704.23,751.48,851.06,1846,1863.0,1880
sao joao do pau dalho,3549300,535.24,662.25,699.3,2242,2265.0,2288
sao joaquim da barra,3549409,1989.37,2315.65,2774.26,48558,49187.0,49815
sao jose da bela vista,3549508,1783.37,2206.84,2197.66,7626,7658.0,7690
sao jose do barreiro,3549607,908.38,1264.19,1667.52,3853,3876.0,3898
sao jose do rio pardo,3549706,1731.63,1715.55,1460.24,52205,52811.0,53416
sao jose do rio preto,3549805,2951.75,2854.61,2669.07,480393,490995.0,501597
sao jose dos campos,3549904,1685.24,1782.09,1536.79,697054,710905.0,724756
sao lourenco da serra,3549953,1860.96,2465.72,2053.71,16067,16263.0,16458
sao luiz do paraitinga,3550001,1064.14,1247.96,1295.61,10337,10417.0,10497
sao manuel,3550100,2059.59,1781.17,1946.76,37289,37728.0,38166
sao miguel arcanjo,3550209,1204.78,1447.4,969.49,32039,32472.0,32904
sao paulo,3550308,4253.86,4296.39,4009.75,11451999,1.1673789E7,11895578
sao pedro,3550407,1361.88,1372.11,1354.31,38256,38991.0,39725
sao pedro do turvo,3550506,1496.47,1828.18,1922.81,7217,7275.0,7333
sao roque,3550605,1480.8,1625.36,1689.16,79484,80413.0,81342
sao sebastiao,3550704,2388.63,2241.36,2294.72,81595,82807.0,84019
sao sebastiao da grama,3550803,1254.67,1290.26,1001.53,10441,10463.0,10484
sao simao,3550902,1956.55,2071.62,1876.38,13442,13516.0,13590
sao vicente,3551009,2672.84,3126.06,2859.28,329911,334159.0,338407
sarapui,3551108,1427.33,1409.39,1909.33,10369,10501.0,10632
sarutaia,3551207,1484.88,2542.15,1698.06,3704,3737.0,3769
sebastianopolis do sul,3551306,990.42,1297.88,721.68,3130,3159.0,3187
serra azul,3551405,1600.5,1495.89,1753.71,12746,12902.0,13058
serra negra,3551603,1174.15,1673.96,1642.95,29894,30407.0,30920
serrana,3551504,1673.92,1679.39,1634.07,43909,44659.0,45408
sertaozinho,3551702,1590.39,1601.62,1706.69,126887,129244.0,131600
sete barras,3551801,2011.0,1661.34,1734.82,12730,12821.0,12912
severinia,3551900,1255.49,1242.32,1446.62,14576,14650.0,14724
silveiras,3552007,905.27,1072.0,792.02,6186,6250.0,6313
socorro,3552106,1054.28,1138.26,1292.11,40122,40764.0,41405
sorocaba,3552205,2102.03,2287.96,2160.25,723682,740571.0,757459
sud mennucci,3552304,1454.79,1497.77,1674.26,7355,7411.0,7466
sumare,3552403,2027.22,2141.11,1996.98,279545,284666.0,289787
suzanapolis,3552551,1525.82,1484.28,1703.23,3408,3436.0,3464
suzano,3552502,2490.33,2477.19,2302.01,307429,313097.0,318765
tabapua,3552601,1554.36,1288.23,1304.46,11323,11411.0,11499
tabatinga,3552700,2031.28,1666.44,1587.3,14769,14882.0,14994
taboao da serra,3552809,2035.88,2270.28,2290.04,273542,278908.0,284274
taciba,3552908,1054.31,1105.85,1093.92,6260,6330.0,6399
taguai,3553005,1452.36,1074.93,1576.2,12669,12838.0,13006
taiacu,3553104,2096.18,1295.06,1912.71,5677,5714.0,5751
taiuva,3553203,1511.91,1520.86,1203.03,6548,6641.0,6733
tambau,3553302,1824.12,1869.29,2001.66,21435,21559.0,21682
tanabi,3553401,2853.75,2320.32,2278.93,25265,25643.0,26021
tapirai,3553500,1575.79,1216.03,1157.35,7996,8059.0,8122
tapiratiba,3553609,1125.59,1473.56,1231.57,11816,11876.0,11936
taquaral,3553658,1680.03,2314.11,1395.17,2619,2636.0,2652
taquaritinga,3553708,2146.96,2055.27,2182.96,52260,52791.0,53322
taquarituba,3553807,1868.58,1609.3,1612.84,24350,24607.0,24863
taquarivai,3553856,959.86,1043.75,1138.92,6876,6994.0,7112
tarabai,3553906,1759.49,1320.98,1371.51,6536,6586.0,6635
taruma,3553955,1357.34,1360.77,1324.76,14882,15065.0,15248
tatui,3554003,1585.42,1369.49,1570.47,123942,126251.0,128560
taubate,3554102,1991.38,2030.57,1925.94,310739,316019.0,321298
tejupa,3554201,1356.92,1330.11,1062.29,4127,4135.0,4142
teodoro sampaio,3554300,1740.86,1783.96,1742.1,22173,22366.0,22559
terra roxa,3554409,1619.43,1384.52,1227.3,7904,7945.0,7985
tiete,3554508,1542.63,1286.11,1238.05,37663,38177.0,38690
timburi,3554607,1298.7,726.69,1204.82,2464,2477.0,2490
torre de pedra,3554656,830.89,924.57,533.2,2046,2055.0,2063
torrinha,3554706,1403.32,1360.26,1718.68,9335,9410.0,9484
trabiju,3554755,2199.76,2057.61,2210.59,1682,1701.0,1719
tremembe,3554805,1104.1,1373.54,1507.07,51173,52128.0,53083
tres fronteiras,3554904,1660.79,1751.34,1540.0,6804,6909.0,7013
tuiuti,3554953,1740.93,1981.64,1468.26,6778,6863.0,6947
tupa,3555000,2341.7,2427.63,2117.22,63928,64672.0,65416
tupi paulista,3555109,1097.51,1266.38,1240.28,15854,16030.0,16206
turiuba,3555208,1870.19,1640.24,1794.45,1818,1829.0,1839
turmalina,3555307,958.66,1137.04,1734.45,1669,1671.0,1672
ubarana,3555356,2497.67,1626.32,2126.1,5365,5411.0,5456
ubatuba,3555406,3056.54,2923.3,2516.62,92981,94790.0,96598
ubirajara,3555505,1422.45,1404.12,1823.36,5132,5199.0,5265
uchoa,3555604,1385.41,1246.31,1176.25,10394,10511.0,10627
uniao paulista,3555703,1060.51,1051.98,1289.93,1603,1616.0,1628
urania,3555802,1528.36,1381.56,1627.1,8833,8903.0,8973
uru,3555901,1297.76,1568.07,2184.64,1387,1403.0,1419
urupes,3556008,1433.35,1410.99,1488.82,13744,13891.0,14038
valentim gentil,3556107,1659.81,1285.37,1486.48,14098,14315.0,14531
valinhos,3556206,1426.73,1588.2,1462.56,126373,128825.0,131277
valparaiso,3556305,1419.08,1515.4,1468.27,24241,24482.0,24723
vargem,3556354,1664.76,1529.22,1462.29,10512,10659.0,10805
vargem grande do sul,3556404,2122.94,1799.41,1731.92,40133,40680.0,41226
vargem grande paulista,3556453,1584.85,1589.96,1485.52,50415,51259.0,52103
varzea paulista,3556503,1712.0,1645.22,1636.62,115771,117674.0,119576
vera cruz,3556602,2790.88,1621.89,1340.59,10176,10235.0,10294
vinhedo,3556701,1416.25,1645.95,1566.23,76540,77888.0,79235
viradouro,3556800,1418.4,1396.17,1317.8,17414,17548.0,17681
vista alegre do alto,3556909,1245.53,912.63,528.4,8109,8218.0,8327
vitoria brasil,3556958,1505.02,1160.22,1423.88,1794,1810.0,1826
votorantim,3557006,1436.8,1461.81,1307.5,127923,130386.0,132849
votuporanga,3557105,2751.62,2637.28,2449.11,96634,98397.0,100159
zacarias,3557154,1597.33,1796.85,1122.78,2692,2727.0,2761
