Município [-],Código [-],Gentílico [-],Prefeito [2025],Área Territorial - km² [2023],População no último censo - pessoas [2022],Densidade demográfica - hab/km² [2022],População estimada - pessoas [2024],Escolarização <span>6 a 14 anos</span> - % [2010],IDHM <span>Índice de desenvolvimento humano municipal</span> [2010],Mortalidade infantil - óbitos por mil nascidos vivos [2022],Total de receitas brutas realizadas - R$ [2023],Total de despesas brutas empenhadas - R$ [2023],PIB per capita - R$ [2021]
Adamantina,3500105,adamantinense,JOSÉ CARLOS MARTINS TIVERON,411.987,34687,84.19,35642,97.6,0.79,10.5,286080113.6,274074871.2,38997.12
Adolfo,3500204,adolfino,RICARDO DI GIORGIO ROBLES,211.055,4351,20.62,4478,98.6,0.73,-,46693392.52,41404998.46,32578.28
Aguaí,3500303,aguaiano,GILBERTO LUIZ MORAES SELBER,474.554,32072,67.58,32888,95.8,0.715,8.11,171102182.7,161253061.8,35551.7
Águas da Prata,3500402,pratense,CARLOS HENRIQUE FORTES DEZENA,142.673,7369,51.65,7470,98.8,0.781,14.49,52442167.71,50467736.77,25297.02
Águas de Lindóia,3500501,lindoiense,GERALDO MANTOVANI FILHO,60.126,17930,298.21,18245,96.2,0.745,4.69,147244937,144977225.8,30971.23
Águas de Santa Bárbara,3500550,santa-barbarense,WILIAN JOSÉ DE OLIVEIRA MEANA,404.463,7177,17.74,7407,98.2,0.757,-,63890742.73,60798714.74,35378.64
Águas de São Pedro,3500600,água-pedrense,JOÃO VICTOR BARBOZA,3.612,2780,769.66,2829,98.4,0.854,-,55032678.85,48768862.63,41208.23
Agudos,3500709,agudense,RAFAEL LIMA FERNANDES,966.708,37680,38.98,38879,97.9,0.745,6.26,235647258.6,215917044.8,70209.74
Alambari,3500758,alambariense,JOÃO PAULO DANTAS PINTO,159.6,6141,38.48,6330,99.3,0.712,-,42092575.62,40574557.43,20765.46
Alfredo Marcondes,3500808,marcondense,CELSO PIRANI PASSOS,118.915,4445,37.38,4556,98.6,0.741,-,36036979.4,30826665.26,28649.11
Altair,3500907,altairense,MARCO ANTONIO FERREIRA,313.007,3451,11.03,3479,96,0.687,25,38144937.48,34653445.74,26662.17
Altinópolis,3501004,altinopolense,HUELDER DONIZETE MALAGUTTI FERREIRA,928.956,16818,18.1,17156,99.3,0.73,5.49,108861525.7,104303207.5,51377.61
Alto Alegre,3501103,alto-alegrense,CARLOS SUSSUMI IVAMA,318.574,3841,12.06,3883,95.1,0.7,68.97,41467364.95,38291266.07,27853.08
Alumínio,3501152,aluminense,ANA PAULA DE CASSIA NETTO,83.619,17301,206.9,17591,98.8,0.766,10.99,165607002.7,160540506.1,210670.96
Álvares Florence,3501202,alvares florencense,ADILSON BATISTA LEITE,362.411,3915,10.8,3978,99.3,0.728,-,38507057.27,34739096.72,34389.1
Álvares Machado,3501301,machadense,LUIZ FRANCISCO BOIGUES,347.647,27255,78.4,28250,98.3,0.758,12.08,121660915.1,112684450.9,28306.72
Álvaro de Carvalho,3501400,carvalhense,ADILSON DE OLIVEIRA LOPES,153.662,4808,31.29,4896,99.2,0.688,-,30127725.32,29375137.28,11012.49
Alvinlândia,3501509,alvinlandense,ANTONIO FERREIRA DE MORAES JUNIOR,84.879,2885,33.99,2923,99.3,0.722,-,29793502.93,25805885.28,17965.24
Americana,3501608,americanense,FRANCISCO ANTONIO SARDELLI,133.912,237240,1771.61,246655,98,0.811,9.41,1310295460,1299555473,62271.47
Américo Brasiliense,3501707,américo-brasiliense,TEREZINHA APARECIDA VIVEIROS DE SOUZA,122.958,33019,268.54,33757,98.6,0.751,14.2,176163207.9,177341484.1,29617.13
Américo de Campos,3501806,americampense,RAFAEL GIMENEZ MARIOTO,252.876,5870,23.21,5975,98.2,0.745,-,44216495.23,41428514.22,21158.4
Amparo,3501905,amparense,CARLOS ALBERTO MARTINS,445.323,68008,152.72,69717,95.7,0.785,9.83,487747723.1,477933742.4,70437.56
Analândia,3502002,analandense,SILVANA MARCIA PERIN CAMPBELL PENNA,325.953,4589,14.08,4684,99.7,0.754,18.87,53032684.32,51786190.31,40726.1
Andradina,3502101,andradinense,MARIO CELSO LOPES,964.226,59783,62,61473,98.2,0.779,8.59,289283614.4,278663210.4,49703.65
Angatuba,3502200,angatubense,NICOLAS BASILE ROCHEL,1027.288,24022,23.38,24512,98.3,0.719,9.35,155271492.3,162126152.7,57306.48
Anhembi,3502309,anhembiense,JAIRO DE GÓIS,736.557,5674,7.7,5766,97.2,0.721,30.3,55836417.23,55483602.5,24534.54
Anhumas,3502408,anhumense,ADAILTON CESAR MENOSSI,320.84,4023,12.54,4108,98.3,0.741,20,40830605.04,37562789.05,25316.58
Aparecida,3502507,aparecidense,JOSE LUIZ RODRIGUES,120.89,32569,269.41,33223,98.4,0.755,12.23,204394077.7,213536197.2,28750.03
Aparecida d'Oeste,3502606,aparecidense,IZAIAS APARECIDO SANCHEZ,179.004,4086,22.83,4124,97.7,0.721,-,37925299.92,38866903.62,36763.62
Apiaí,3502705,apiaiense,SERGIO VICTOR BORGES BARBOSA,974.322,24585,25.23,24886,97.3,0.71,-,131510593.3,121039914.4,37278.88
Araçariguama,3502754,araçariguamense,RODRIGO DE ANDRADE,145.204,21522,148.22,22168,98.2,0.704,14.2,221444693.1,236492356.3,206250.44
Araçatuba,3502804,araçatubense,LUCAS PAVAN ZANATTA,1167.126,200124,171.47,207775,97.6,0.788,13.91,979569762.4,859862855.6,45268.6
Araçoiaba da Serra,3502903,araçoiabano,JOSÉ CARLOS DE QUEVEDO JUNIOR,255.305,32443,127.08,33656,99.4,0.776,-,204561589,219710112,34075.1
Aramina,3503000,araminense,LUIS SÉRGIO CELESTE JORGE,202.829,5420,26.72,5526,98.7,0.74,33.33,40486505.88,41531394.88,26415.31
Arandu,3503109,aranduense,FLAVIO CARLOMAGNO GALHEGO,285.908,6885,24.08,7050,98.4,0.685,25.97,53197142.55,58076898.12,30569.27
Arapeí,3503158,arapeiense,RENÊ LÚCIO GONÇALVES,156.903,2330,14.85,2355,98.7,0.68,-,37002710.98,39819289.79,18584.03
Araraquara,3503208,araraquarense,LUIS CLAUDIO LAPENA BARRETO,1003.625,242228,241.35,252318,98.7,0.815,6.4,1536427549,1521074816,49692.93
Araras,3503307,ararense,IRINEU NORIVAL MARETTO,644.831,130866,202.95,135331,97.5,0.781,9.76,855202935.9,892353253.2,50772.4
Arco-Íris,3503356,arcoirense,ALDO MANSANO FERNANDES,264.904,2044,7.72,2085,99.1,0.722,-,30366963.62,25803609.09,35382.28
Arealva,3503406,arealvense,PAULO JULIANO NICOLIELO JUNIOR,506.226,8130,16.06,8280,99.6,0.744,20.62,54103645.98,51714562.8,26206.9
Areias,3503505,areiense,RODRIGO JOSE RAMOS DE OLIVEIRA,305.227,3577,11.72,3625,96.8,0.697,-,48672873.97,51528796.21,14877.99
Areiópolis,3503604,areiopolitano,MICHEL HENRIQUE AUGUSTO,85.907,10130,117.92,10257,97.3,0.695,16.67,58475463.02,50713329.42,14577.19
Ariranha,3503703,ariranhense,EMERSON ANTONIO TROVÓ,132.624,7602,57.32,7653,99.6,0.733,-,69870850.02,63362117.67,115410.74
Artur Nogueira,3503802,nogueirense,LUCAS SIA RISSATO,178.026,51456,289.04,53157,98.3,0.749,3.27,273541873.6,287794746.1,30610.29
Arujá,3503901,arujaense / arujano,LUIS ANTONIO DE CAMARGO,96.167,86678,901.33,89943,98.2,0.784,6.06,575898129.7,585147148.9,89703.63
Aspásia,3503950,aspasiense,IVAN DE PAULA,69.373,1842,26.55,1873,97.1,0.735,-,27343253.6,21880153.12,21788.35
Assis,3504008,assisense,TELMA GONCALVES CARNEIRO SPERA DE ANDRADE,460.609,101409,220.16,104642,98.9,0.805,12.46,555176558,564584304.8,38598.78
Atibaia,3504107,atibaiano,DANIEL DA ROCHA MARTINI,478.521,158647,331.54,166043,97.3,0.765,8.03,1142297729,1121394897,57512.36
Auriflama,3504206,auriflamense,KATIA CONCEIÇÃO MORITA DE CARVALHO,434.498,13692,31.51,13873,98.8,0.773,13.99,82442704.54,71596024.23,23409.76
Avaí,3504305,avaiense,HELLEN FERNANDES RODRIGUES COELHO,540.689,4483,8.29,4519,99.4,0.714,40.54,44804157.35,45359812.12,68793.46
Avanhandava,3504404,avanhandavense,NORBERTO CESAR BERALDO,338.37,11263,33.29,11438,97.2,0.705,8.62,72988974.26,70466171.25,14178.27
Avaré,3504503,avareense,ROBERTO DE ARAUJO,1213.055,92805,76.51,96098,97.9,0.767,17.48,482858670.2,483852554.9,35721.22
Bady Bassitt,3504602,badiense,JANIMEIRI CATELANI BUZZI,110.372,27260,246.98,28909,98.5,0.746,8.88,141577918.4,154097398.2,30636.12
Balbinos,3504701,balbinense,JOSE MARCIO RIGOTTO,91.635,3887,42.42,3963,98.9,0.669,-,26368867.21,23014159.68,10674.14
Bálsamo,3504800,balsamense,JOSE EDUARDO NALIATI JUNIOR,149.881,9596,64.02,9854,99,0.756,-,56998822.71,54995429.27,30257.55
Bananal,3504909,bananalense,WILLIAM LANDIM DA SILVA,616.429,9969,16.17,10109,97.1,0.733,-,68894590.63,67036850.34,19568.66
Barão de Antonina,3505005,barãoense,RODRIGO WALDEMAR MARQUES,153.142,3531,23.06,3618,100,0.711,-,34552852.07,28879114.24,21264.23
Barbosa,3505104,barbosano,RODRIGO PRIMO ANTUNES,205.212,5640,27.48,5659,98.4,0.699,25.97,45266244.09,43106693.17,14488.16
Bariri,3505203,baririense,AIRTON LUIS PEGORARO,444.405,31595,71.1,32405,96.3,0.75,11.73,173279240.9,173029939.5,45290.86
Barra Bonita,3505302,barra-bonitense,MANOEL FABIANO FERREIRA FILHO,150.121,34346,228.79,35159,99.8,0.788,16.39,215057439.1,213070578.5,41955.79
Barra do Chapéu,3505351,barrense,IVANIL NORBERTO PEREIRA NOLASCO,405.681,5179,12.77,5256,96.9,0.66,11.49,42610971.46,40025899.1,23082.16
Barra do Turvo,3505401,barra-turvense,VICTOR MARUYAMA,1007.684,6876,6.82,6922,95.6,0.641,17.54,60345082.74,56221789.71,16542.32
Barretos,3505500,barretense,ODAIR DE MOURA E SILVA,1566.161,122485,78.21,126600,97.8,0.789,12.93,979994224.9,1086979265,47783.95
Barrinha,3505609,barrinhense,MARIA LÚCIA TERESINHA GROTTA,146.025,32092,219.77,33181,97.5,0.725,7.92,149991558.3,146377793,18630.66
Barueri,3505708,barueriense,JOSE ROBERTO PITERI,65.701,316473,4816.87,330339,97.8,0.786,7.45,4950967905,4703546013,207460.98
Bastos,3505807,bastense,KLEBER LOPES DE SOUSA,170.912,21503,125.81,21900,98.5,0.751,7.52,128154190,117874133.3,50936.28
Batatais,3505906,batataense,LUIS FERNANDO BENEDINI GASPAR JUNIOR,849.526,58402,68.75,59873,97.7,0.761,16.1,317917378.4,314669142.1,38097.08
Bauru,3506003,bauruense,SUÉLLEN SILVA ROSIM,667.684,379146,567.85,391740,96.9,0.801,9.97,1807245548,1986946253,43806.93
Bebedouro,3506102,bebedourense,LUCAS GIBIN SEREN,683.192,76373,111.79,78210,98.5,0.78,11.46,456948769.8,477287928.3,52575.43
Bento de Abreu,3506201,bento-abreuense,TEREZINHA DO CARMO SALESSE,301.687,2606,8.64,2642,97.9,0.744,-,37969973.56,32645887.89,69504.55
Bernardino de Campos,3506300,bernardinense,WILSON JOSE GARCIA,244.158,11607,47.54,11852,98.3,0.734,-,68194050.75,63179998.07,33842.25
Bertioga,3506359,bertioguense,MARCELO HELENO VILARES,491.546,64188,130.58,66873,98.1,0.73,16.77,1001472338,954137770.8,31255.51
Bilac,3506409,bilaquense,ANTÔNIO FERREIRA LOUREIRO,158.025,7319,46.32,7455,99,0.768,46.88,57746217.7,53310247.72,35693.15
Birigui,3506508,biriguiense,SAMANTA PAULA ALBANI BORINI,530.031,118979,224.48,122988,98,0.78,13.48,589614160.1,615993968.2,31305.12
Biritiba Mirim,3506607,biritibano,CARLOS ALBERTO TAINO JUNIOR,317.406,29683,93.52,30526,97.7,0.712,2.79,143188092.9,139474918.4,29190.32
Boa Esperança do Sul,3506706,boa-esperancense,JOSÉ MANOEL DE SOUZA,690.748,12978,18.79,13135,96,0.681,11.49,90356347.45,88681432.64,25197.09
Bocaina,3506805,bocainense,CAIO AUGUSTO CREPALDI,363.926,11259,30.94,11467,99.3,0.742,24.19,75234075.38,70697734.15,22429.71
Bofete,3506904,bofetense,EUGENIO CARLOS ALVES,653.541,10460,16.01,10688,95.1,0.705,8.26,72485560.2,70297242.73,17546.39
Boituva,3507001,boituvense,EDSON JOSE MARCUSSO,248.954,61081,245.35,63415,98.7,0.78,13.92,391042085.9,394639257.3,53597.04
Bom Jesus dos Perdões,3507100,perdoense,SÉRGIO FERREIRA,108.366,22006,203.07,22501,97.7,0.713,10.07,144261232.1,134596335.4,55196.42
Bom Sucesso de Itararé,3507159,bom sucessiense,DIRCEU PACHECO DE OLIVEIRA,133.578,3555,26.61,3610,98.3,0.66,-,30642885.01,28310475.81,15912.41
Borá,3507209,boraense,LUIZ CARLOS RODRIGUES,118.951,907,7.62,928,94.6,0.746,-,23356682.86,20812939.16,88432.72
Boracéia,3507308,boraceense,MARCOS VINICIO BILANCIERI,122.11,4715,38.61,4823,99.3,0.754,-,41026111.62,34286655.84,105669.34
Borborema,3507407,borboremense,SHEILA MARIA GONÇALVES DE OLIVEIRA,552.256,14226,25.76,14415,98.3,0.73,29.2,99657452.41,100489624.2,31833.29
Borebi,3507456,borebiense,ANDERSON PINHEIRO DE GOES,347.989,2713,7.8,2787,99.5,0.705,-,40350448.19,39097246.75,27255.19
Botucatu,3507506,botucatuense,FABIO VIEIRA DE SOUZA LEITE,1482.642,145155,97.9,150442,97.8,0.8,9.6,715906667.3,706875948.5,39937.48
Bragança Paulista,3507605,bragantino,EDMIR JOSE ABI CHEDID,512.584,176811,344.94,184634,97,0.776,11.98,938185050.2,890811524.7,46153.09
Braúna,3507704,braunense,MAICON APARECIDO SUBIRES RIBEIRO,195.176,5356,27.44,5466,98.6,0.737,-,39729493.95,35440229.45,20826.02
Brejo Alegre,3507753,brejoalegrense,RAFAEL ALVES DOS SANTOS,105.689,2565,24.27,2605,95.9,0.71,41.67,29485261.76,29459293.47,25996.26
Brodowski,3507803,brodosquiano,FÁBIO MAXIMINIANO VERCEZI SEVERI,278.458,25201,90.5,26167,97.5,0.755,7.41,177614502.3,148280529.3,34947.5
Brotas,3507902,brotense,ALEXSANDRA BERTO BRANDÃO,1101.373,23898,21.7,24423,99.1,0.74,7.66,185787228,184191865.5,45209.02
Buri,3508009,buriense,GERMANO ALMEIDA PESCHEL,1196.463,20250,16.92,20674,98.5,0.667,10.42,131675256.5,120832055,34121.21
Buritama,3508108,buritamense,TIAGO LUIZ DE OLIVEIRA,326.921,17210,52.64,17597,96.7,0.763,-,123607995.1,118585259.3,36037.97
Buritizal,3508207,buritinense,DANIEL SARRETA,266.42,4356,16.35,4447,99.4,0.735,20,54174760.57,49288568.52,53769.11
Cabrália Paulista,3508306,cabraliense,ODEMIL ORTIZ DE CAMARGO,239.974,4299,17.91,4362,97.5,0.694,-,35667925.32,32070056.92,24368.03
Cabreúva,3508405,cabreuvano,NOEMI MEDEIROS BERNARDES,260.234,47011,180.65,48473,97.3,0.738,19.15,384962153,387999555.2,116591.7
Caçapava,3508504,caçapavense,YAN LOPES DE ALMEIDA,368.99,96202,260.72,99678,98,0.788,7.41,448548594.7,429111911.2,54458.95
Cachoeira Paulista,3508603,cachoeirense,BRENO BARBOSA ANAYA XAVIER,287.99,31564,109.6,32482,98,0.764,26.55,128673823.1,118856689.9,19914.05
Caconde,3508702,cacondense,JOSÉ AFONSO DE PAIVA,468.214,17101,36.52,17266,97.7,0.72,5.85,88990955.81,81192251.17,30182.07
Cafelândia,3508801,cafelandense,TAIS FERNANDA MAIMONI CONTIERI SANTANA,920.28,16654,18.1,16905,96.7,0.742,27.17,109637831.7,105973752.6,38094.8
Caiabu,3508900,caiabuense,SUELEN NARA MATOS MATIVE,253.352,3712,14.65,3745,98.9,0.729,27.03,35560834.51,34349611.01,16640.38
Caieiras,3509007,caieirense,GILMAR SOARES VICENTE,97.642,95032,973.27,98257,94.8,0.781,17.72,502542465.2,461168430.8,46700.03
Caiuá,3509106,caiuense,JAYME SALVADOR ALVES,551.159,5466,9.92,5585,99.3,0.697,-,47853699.04,49376962.93,15997.16
Cajamar,3509205,cajamarense,KAUAN BERTO SOUSA SANTOS,131.386,92689,705.47,97363,96.5,0.728,14.64,1102752938,1014461015,287384.67
Cajati,3509254,cajatiense,LUIZ HENRIQUE KOGA,454.489,28515,62.75,29257,98.4,0.694,9.26,206663628.9,188161139.1,61714.65
Cajobi,3509304,cajobiense,MARCIO DONIZETI BARBARELLI,176.929,9133,51.62,9232,99.7,0.734,-,59154197.9,53115612.71,16049.99
Cajuru,3509403,cajuruense,ALEX MORETINI,660.088,23830,36.1,24217,97.1,0.713,17.29,118783518.2,106395738.9,28623.2
Campina do Monte Alegre,3509452,campinomontealegrense,MARCELO LISBÔA MACHADO,184.479,5954,32.27,6077,97.5,0.717,13.89,43566386.43,44767763.92,24817.17
Campinas,3509502,campineiro,DÁRIO JORGE GIOLO SAADI,794.571,1139047,1433.54,1185977,96,0.805,10.12,8041627842,8324596130,59634.21
Campo Limpo Paulista,3509601,campo-limpense,ADEILDO NOGUEIRA DA SILVA,79.403,77632,977.7,79663,96.7,0.769,5.93,412894684.5,426017175.7,29291.03
Campos do Jordão,3509700,jordanense,CARLOS EDUARDO PEREIRA DA SILVA,289.981,46974,161.99,47983,97.1,0.749,9.92,366428674.7,340453978.9,27503.81
Campos Novos Paulista,3509809,campos-novense,FLAVIO FERMINO EUFLAUZINO,484.199,4888,10.1,4991,97.9,0.706,21.28,49978294.09,47036624.87,38724.17
Cananéia,3509908,cananeiense,ANDRE NOGUEIRA SANCHES,1237.354,12289,9.93,12489,97.3,0.72,29.41,88207890.39,110747572.1,21082
Canas,3509957,canense,GUSTAVO ZANIN LUCENA FAMADAS,53.261,4931,92.58,5049,98.3,0.704,16.13,37264951.21,37543598.5,24688.77
Cândido Mota,3510005,cândido-motense,ERALDO JOSE PEREIRA,595.811,29449,49.43,30172,98.2,0.747,3.32,185592486.1,196628222.8,48339.61
Cândido Rodrigues,3510104,cândido-rodriguense,TIAGO ALEX RAVAZZI,70.892,2889,40.75,2951,99,0.789,-,34436545.59,32099127.24,38184.58
Canitar,3510153,canitarense,JOEL RODRIGUES,57.459,6283,109.35,6524,96.1,0.68,10,40902412.61,37784537.37,30627.93
Capão Bonito,3510203,capão-bonitense,JULIO FERNANDO GALVÃO DIAS,1640.229,46337,28.25,47403,98.7,0.721,10.81,281809503.9,262812647.8,26945.89
Capela do Alto,3510302,capelense,HENRIQUE DANIEL LEME,169.89,22866,134.59,23597,96.5,0.699,16.95,118559526.7,122018772,18457.62
Capivari,3510401,capivariano,VITOR HUGO RICCOMINI,322.878,50068,155.07,51318,97.3,0.75,17.7,366480523.7,360777281.1,52495.21
Caraguatatuba,3510500,caraguatatubense,MATEUS VENEZIANI DA SILVA,484.947,134873,278.12,141084,97.7,0.759,10.56,1158998987,1180755505,36201.7
Carapicuíba,3510609,carapicuibano,JOSE ROBERTO DA SILVA,34.546,386984,11201.99,398462,96.2,0.749,18.35,1007656159,989328283,16909.54
Cardoso,3510708,cardosense,LUÍS PAULO BEDNARSKI PEDRASSOLLI,639.248,11345,17.75,11491,96.8,0.722,-,81487255.73,78887320.5,25957.47
Casa Branca,3510807,casa-branquense,ANTONIO EDUARDO MARÇON NOGUEIRA,864.225,28083,32.5,28786,96.9,0.73,13.7,175021832,166294315.8,38464.9
Cássia dos Coqueiros,3510906,cassiano,SILVIO SANTOS DOS REIS FARIA,191.683,2799,14.6,2855,99.5,0.734,-,32157272.55,30830005.98,117809.94
Castilho,3511003,castilhense,PAULO DUARTE BOAVENTURA,1065.318,19977,18.75,20418,99.1,0.731,5.15,165558582,163630889.9,64508.48
Catanduva,3511102,catanduvense,OSVALDO DE OLIVEIRA ROSA,290.596,115791,398.46,119172,98.1,0.785,8.39,709798842.4,761056283,42386.42
Catiguá,3511201,catigüense,CLAUDEMIR JOSE GRAVA,148.393,7003,47.19,7105,98.4,0.751,33.33,39502050.36,35484222.24,19342.42
Cedral,3511300,cedralense,IRINEO BEOLCHI JUNIOR,197.838,12618,63.78,13160,98.7,0.766,7.3,86622056.16,82872270.15,56401.2
Cerqueira César,3511409,cerqueirense,DIEGO AUGUSTO BERTI CINTO,511.621,21469,41.96,22076,98.2,0.729,27.27,118573099.9,105400120.7,46928.25
Cerquilho,3511508,cerquilhense,PAULO ROBERTO PILON,127.803,44695,349.72,46217,99.6,0.782,-,271813901,274239585,46293.89
Cesário Lange,3511607,cesariano-lange,RAMIRO DE CAMPOS,190.392,19048,100.05,19588,96.3,0.706,21.01,108539953.5,98556386.25,39826.25
Charqueada,3511706,charqueadense,RODRIGO DE ARRUDA,175.846,15535,88.34,15798,97.9,0.736,10.42,89943405.43,87974698.93,29370.12
Clementina,3511904,clementinense,GILSON ROBERTO RODRIGUES CRIOLEZIO,168.59,6982,41.41,7087,98,0.725,11.36,46812597.12,41747294.86,20959.14
Colina,3512001,colinense,VALDEMIR ANTONIO MORALLES,422.303,18486,43.77,18842,98.4,0.757,9.17,155459986.7,143894492.5,82881.19
Colômbia,3512100,colombiense,JULIO CÉSAR DOS SANTOS,728.648,6629,9.1,6781,99.2,0.71,25.32,82671746.94,77499747.77,59974.07
Conchal,3512209,conchalense,ORLANDO CALEFFI JUNIOR,182.793,28101,153.73,29034,96.7,0.708,19.37,191732743.5,174884120.6,30159.5
Conchas,3512308,conchense,PAULO NUNES DE ALMEIDA,466.12,15232,32.68,15381,97.6,0.736,11.7,97450424.1,91594685.48,23872.16
Cordeirópolis,3512407,cordeiropolense,MARIA CRISTINA DEGASPARI ABRAHÃO SAAD,137.579,24514,178.18,25130,96.7,0.758,23.89,305022894.5,278499074.7,163554.17
Coroados,3512506,coroadense,ROBERTO CARRILHO ALVES,246.825,5400,21.88,5498,98.3,0.719,-,43261304.46,37271480.88,35303.73
Coronel Macedo,3512605,macedense,DIEGO GARCIA BATISTA,303.83,4280,14.09,4295,99.1,0.69,48.78,45652756.36,39988842.69,30746.6
Corumbataí,3512704,corumbataiense,JOÃO BATISTA ALTARUGIO FILHO,278.622,4195,15.06,4285,97,0.754,25,45770087.96,41228235.61,84731.24
Cosmópolis,3512803,cosmopolense,ANTONIO CLAUDIO FELISBINO JUNIOR,154.665,59773,386.47,61204,98,0.769,12.99,318051685.3,340010328.2,28255.87
Cosmorama,3512902,cosmoramense,NELSON NARCISO DA SILVEIRA JUNIOR,441.68,8719,19.74,8968,97.9,0.722,19.61,63899691.72,62936973.04,69530.67
Cotia,3513009,cotiano,WELINGTON APARECIDO ALFREDO,323.994,274413,846.97,287004,97.5,0.78,14.9,1595488305,1501408436,62486.58
Cravinhos,3513108,cravinhense,ITAMAR GOMES BUENO,311.423,33281,106.87,34252,98.1,0.756,22.22,239771749.5,228374353.6,48891.09
Cristais Paulista,3513207,cristalense,ELSON GOMES DOS SANTOS,385.23,9272,24.07,9543,98.2,0.734,9.17,59444293.68,55214827.05,39369.07
Cruzália,3513306,cruzaliense,ARILDO OSMAR DE MORO,149.33,2108,14.12,2129,97.8,0.774,-,34584095.08,31370404.22,68116.76
Cruzeiro,3513405,cruzeirense,JOSE KLEBER LIMA SILVEIRA JUNIOR,305.699,74961,245.21,76513,97.6,0.788,14.05,353062672.8,380282259.4,38390.41
Cubatão,3513504,cubatense,CESAR DA SILVA NASCIMENTO,142.879,112476,787.21,115082,98,0.737,14.17,1682937465,1654562626,165607.5
Cunha,3513603,cunhense,RODRIGO SERGIO DO NASCIMENTO,1407.25,22110,15.71,22456,98,0.684,8.3,114835575.2,114975421.2,15269.84
Descalvado,3513702,descalvadense,LUIS GUILHERME PANONE,753.706,31756,42.13,32622,98.6,0.76,13.94,202047067.5,194187335.7,61036.51
Diadema,3513801,diademense,TAKAHARU YAMAUCHI,30.732,393237,12795.69,404118,96.8,0.757,12.99,1862803200,1937982169,43031.91
Dirce Reis,3513850,dircense,MARCELO JOSÉ BERNARDO,88.133,1620,18.38,1641,100,0.741,-,28282006.28,26193333.61,38685.19
Divinolândia,3513900,divinolandense,ANTONIO DE PADUA AQUISTI,223.749,11158,49.87,11314,98.6,0.734,-,69817331.43,70537348.95,44568.55
Dobrada,3514007,dobradense,ANTONIO CARLOS DE MATTOS SANTOS,149.729,8759,58.5,8958,99.5,0.718,-,42125194.46,42923623.87,15286.82
Dois Córregos,3514106,dois-correguense,ALCEU ANTONIO MAZZIERO,632.972,24510,38.72,24855,96.7,0.725,3.69,156306567.3,144444351.9,30150.85
Dolcinópolis,3514205,dolcinopolense,DIEGO APARECIDO PEREIRA MIGUEL,77.939,2207,28.32,2250,100,0.742,-,29281135.94,27039265.55,27963.37
Dourado,3514304,douradense,LUIZ ANTONIO ROGANTE JUNIOR,205.874,8096,39.33,8186,100,0.738,-,61644676.71,57308651.15,90318.49
Dracena,3514403,dracenense,GENI PEREIRA LOBO PESIN,487.688,45474,93.24,46664,98.2,0.776,10.02,227943931.4,251146932.9,30557.62
Duartina,3514502,duartinense,SUZY HELENA SIMÃO BLAGITZ FERRAZ,264.557,12328,46.6,12529,98.3,0.748,7.41,72260402.85,68871046.93,20338.59
Dumont,3514601,dumonense,ROGERSON APARECIDO BURJALON RUIZ,111.376,9471,85.04,9719,97.6,0.744,-,64881045.79,62596384.61,33647.69
Echaporã,3514700,echaporense,RONALDO GAZETA,515.258,6205,12.04,6295,98.8,0.745,-,53580027.27,47182204.57,25295.64
Eldorado,3514809,eldoradense,NOEL CASTELO DA COSTA,1654.256,13069,7.9,13162,97.3,0.691,20.55,86486907.64,91284867.7,21122.95
Elias Fausto,3514908,elias-faustense,JOAQUIM ANTONIO DE CAMPOS BICUDO,202.36,17699,87.46,18103,97.3,0.695,36.84,121073719.8,129456996.3,55521.14
Elisiário,3514924,elisiarense,CASSIO ROBERTO BERTELLI,93.98,3138,33.39,3189,98.6,0.747,-,33851327.33,30509877.48,20323.57
Embaúba,3514957,embaubense,NERCILIO PINHEIRO DA SILVA,83.129,2323,27.94,2353,100,0.73,-,30995304.56,26940243.38,23385.21
Embu das Artes,3515004,embuense,HUGO DO PRADO SANTOS,70.398,250691,3561.05,259323,96.8,0.735,10.47,1209013638,1271673877,51258.86
Embu-Guaçu,3515103,embu-guaçuense,ANDRÉ GEORGE NERES DE FARIAS,155.641,66970,430.29,68805,97.1,0.749,9.27,258742075.1,255453842,20683.01
Emilianópolis,3515129,emilianópolense,ELTON MUNHOZ DE SOUZA,225.167,3014,13.39,3062,97.3,0.727,-,28927524.09,27312376.65,24451.77
Engenheiro Coelho,3515152,engenheiro coelhense,PEDRO FRANCO DE OLIVEIRA,109.941,19566,177.97,20139,98.5,0.732,15.63,106987857.2,117791590.5,30446.44
Espírito Santo do Pinhal,3515186,pinhalense,SERGIO DEL BIANCHI JUNIOR,389.235,39816,102.29,40681,97.9,0.787,12.69,198622102.2,185729412.2,46311.65
Espírito Santo do Turvo,3515194,espírito santense,GILBERTO NASCIMENTO BERTOLINO,193.666,4157,21.46,4217,97.4,0.696,-,42756724.8,39299395.45,18630.23
Estrela d'Oeste,3515202,estrelense,PEDRO DE SENZI NETO,296.281,9417,31.78,9655,99,0.76,11.9,82259540.14,81017050.6,89460.5
Estrela do Norte,3515301,estrelense,ALBERTO MARTINS DE OLIVEIRA,264.987,2703,10.2,2749,98.9,0.74,43.48,30576736.78,28445378.69,22511.33
Euclides da Cunha Paulista,3515350,euclidense,DOMINGOS MENTE LOPES,573.894,7924,13.81,7928,98.5,0.704,10.75,54903742.78,48924659.55,14708.88
Fartura,3515400,farturense,LUIZ MARCOS DE SOUZA,429.171,16641,38.77,16984,97.4,0.732,11.17,106437244.6,98728584.88,29419.47
Fernandópolis,3515509,fernandopolense,JOÃO PAULO SALES CANTARELLA,549.797,71186,129.48,73286,99.4,0.797,3.99,363856498.8,366998026.5,35430.06
Fernando Prestes,3515608,fernando-prestense,MARIEL SEBASTIÃO ROCHA,169.99,5942,34.95,6066,96.5,0.758,-,43691795.56,40616728.79,35416.65
Fernão,3515657,fernãoense,EBER ROGÉRIO ASSIS,100.504,1656,16.48,1689,99.1,0.703,-,27673890.05,26315999.68,46552.1
Ferraz de Vasconcelos,3515707,ferrazense,PRISCILA CONCEIÇÃO GAMBALE VIEIRA MATOS,29.547,179198,6064.85,185622,97.6,0.738,15.59,705995095.5,600526773.5,23863.13
Flora Rica,3515806,flora-riquense,FABIO LUIZ FLORENTINO DE FARIA,224.711,1487,6.62,1492,99.1,0.727,-,27071177.26,25544427.03,30176.19
Floreal,3515905,florealense,RAUL SCALON,204.236,2733,13.38,2756,96.2,0.747,-,34910911.86,32359017.92,28393.24
Flórida Paulista,3516002,floridense,JOSÉ ANDRIOTTI,524.138,12958,24.72,13171,98.9,0.715,11.24,63065985.1,56934920.14,17731.75
Florínea,3516101,florinense ou florineano,SERGIO LOPES DA SILVA,225.886,3851,17.05,3987,96.6,0.713,-,43863760.84,38692564.44,65354.84
Franca,3516200,francano,ALEXANDRE AUGUSTO FERREIRA,605.679,352536,582.05,364331,98.2,0.78,7.09,1284757051,1250579678,31450.1
Francisco Morato,3516309,moratense,ILDO DA SILVA GUSMÃO,49.001,165139,3370.11,171107,95.8,0.703,15.4,575162758.1,636510956.3,10439.01
Franco da Rocha,3516408,franco-rochense,LORENA RODRIGUES DE OLIVEIRA,132.775,144849,1090.94,149786,95.7,0.731,9.26,660356746.4,612755596.3,27126.51
Gabriel Monteiro,3516507,monteirense,RENEE CREMA VIDOTO,138.681,2763,19.92,2811,99.7,0.763,-,31085162.45,26966872.52,33755.37
Gália,3516606,galiense,JOSE SILVINO ZANIBONI JUNIOR,355.914,6380,17.93,6435,97,0.709,18.87,43057001.42,38708865.75,26907.52
Garça,3516705,garcense,JOSÉ ALCIDES FANECO,555.807,42110,75.76,43115,98.1,0.769,15.59,262331089.1,277556862.3,38831.12
Gastão Vidigal,3516804,vidigalense,DANIEL GUARNIERI CRIADO,180.569,3252,18.01,3235,96.6,0.723,-,31392687.06,29802408.51,17476.7
Gavião Peixoto,3516853,gavionense,ADRIANO MARÇAL DA SILVA,243.766,4702,19.29,4797,98.7,0.719,-,93203956.04,99281642.26,244615.79
General Salgado,3516903,salgadense,THIAGO FRANCISQUINI VIANA,494.376,10312,20.86,10449,98.5,0.747,10.42,74031772.4,76089642.65,25343.09
Getulina,3517000,getulinense,MARIO TADEU CELESTINO RIBEIRO,676.755,10232,15.12,10355,99.4,0.717,-,64416445.79,59415844.79,18806.06
Glicério,3517109,glicerense,HAIRTON KELSINE CARVALHO OLIVEIRA,272.8,4138,15.17,4173,98.5,0.735,52.63,43076228.93,42445102.83,25880.65
Guaiçara,3517208,guaiçarense,FLAVIA RAMOS BITTENCOURT LEÃO CABRAL,277.154,11239,40.55,11459,98.4,0.739,6.85,63600550.7,57178965.8,18704.97
Guaimbê,3517307,guaimbeense,MARCIA HELENA PEREIRA CABRAL ACHILLES,217.811,5512,25.31,5606,99,0.728,19.61,42747839.25,43318673.57,76293.81
Guaíra,3517406,guairense,ANTONIO MANOEL DA SILVA JUNIOR,1258.465,39279,31.21,40424,97.8,0.753,9.15,317651072.5,317516824.9,65519.59
Guapiaçu,3517505,guapiaçuense,CARLOS CESAR ZAITUNE,325.126,21711,66.78,22316,98,0.725,21.19,132102781.7,128404914.5,40585.65
Guapiara,3517604,guapiense,JOSÉ MATHEUS RODOLFO DE FREITAS,408.292,17071,41.81,17256,96.7,0.675,10.31,92905385.97,91734317.31,25989.08
Guará,3517703,guaraense,FILIPE FURTADO DA ROCHA,362.183,18606,51.37,18790,98,0.718,-,131219382.3,123952541.9,28896.21
Guaraçaí,3517802,guaraçaiense,AIRTON JOSÉ GOMES,569.197,7441,13.07,7486,98,0.719,-,56256827.15,61043739.76,39546.1
Guaraci,3517901,guaraciense,RENATO AZEDA RIBEIRO DE AGUIAR,641.501,10350,16.13,10542,97,0.737,-,103633630.9,100850849.7,32986.54
Guarani d'Oeste,3518008,guaraniense,EDMILSON PIRES DO CARMO,85.7,1968,22.96,1999,95.6,0.732,-,28009112.74,24248684.8,18556.87
Guarantã,3518107,guarantãense,MARCOS ROBERTO FRUGERI,461.746,6427,13.92,6531,98.9,0.713,23.53,46004903.95,46226553.19,29367.05
Guararapes,3518206,guararapense,ALEX PERAMO DE ARRUDA,955.637,31043,32.48,31872,99.6,0.763,6.51,181191209.6,174424484,36072.94
Guararema,3518305,guararemense,JOSÉ LUIZ EROLES FREIRE,270.816,31236,115.34,32436,97.3,0.731,11.76,369419295.9,424012798.9,50771.09
Guaratinguetá,3518404,guaratinguetaense,ANTONIO GILBERTO FILIPPO FERNANDES JUNIOR,752.636,118044,156.84,121710,97.8,0.798,9.13,558496302.7,555229238.7,63948
Guareí,3518503,guareiense,REINALDO VICENTE DE SOUZA,567.884,15013,26.44,15268,96.3,0.687,7.52,81760145.41,76675684.89,16300.18
Guariba,3518602,guaribense,FRANCISCO DIAS MANCANO JUNIOR,270.289,37498,138.73,38609,97.3,0.719,8.91,202632008.8,202089959.9,27783.09
Guarujá,3518701,guarujaense,FARID SAID MADI,144.794,287634,1986.5,294973,95.9,0.751,17.18,2290901866,2342987124,32292.29
Guarulhos,3518800,guarulhense,LUCAS SANCHES PROMESSIA,318.675,1291771,4053.57,1345364,97.1,0.763,13.29,6350141744,6030986731,55084.22
Guatapará,3518859,guataparaense,AILTON APARECIDO DA SILVA,413.567,7320,17.7,7462,99.1,0.743,-,57466379.86,52074244.02,31618.94
Guzolândia,3518909,guzolandense,LUIZ ANTONIO PEREIRA DE CARVALHO,252.477,4246,16.82,4276,85.3,0.697,-,34440253.63,30328844.6,17505.62
Herculândia,3519006,herculandense,PAULO SERGIO DE OLIVEIRA,364.252,9125,25.05,9302,98.4,0.727,9.35,61614779.43,57430238.16,36890.4
Holambra,3519055,holambrense,FERNANDO HENRIQUE CAPATO,65.577,15094,230.17,15596,98.8,0.793,12.93,156106509.2,144271326.2,93777.73
Hortolândia,3519071,hortolandense,JOSE NAZARENO ZEZE GOMES,62.416,236641,3791.35,247331,97.5,0.756,10.67,1462747556,1422428560,77357.5
Iacanga,3519105,iacanguense,APARECIDA DE FÁTIMA PINHEIRO,547.393,10437,19.07,10633,96.7,0.745,7.52,87325425.73,80786304.39,54825.02
Iacri,3519204,iacriense,CLEBER ROGERIO CERBANTES PANHOZZI,321.948,6131,19.04,6207,99.4,0.733,29.85,43529601.47,39078775.34,50533.65
Iaras,3519253,iarense,PATRICK HERNANDES MORALES,401.381,8010,19.96,8257,98.5,0.674,-,56643355.03,51148268.43,17261.62
Ibaté,3519303,ibateense,RONALDO RODRIGO VENTURI,290.977,32178,110.59,33110,97.6,0.703,9.39,158461829.9,166628598.2,32354.27
Ibirá,3519402,ibiraense,NIVALDO DOMINGOS NEGRÃO,271.912,11690,42.99,11934,98.4,0.74,7.69,76086490.14,71035012.02,25170.21
Ibirarema,3519501,ibiraremense,JOSE BENEDITO CAMACHO,228.23,6385,27.98,6461,97.4,0.708,66.67,52942811.87,47618026.32,30862.28
Ibitinga,3519600,ibitinguense,FLORISVALDO ANTONIO FIORENTINO,689.391,60033,87.08,61908,95.8,0.747,13.93,296217419.6,275405533.1,32137.74
Ibiúna,3519709,ibiunense,MARIO PIRES DE OLIVEIRA FILHO,1058.082,75605,71.45,77651,95.8,0.71,14.31,355568430.5,340773584.2,29609.37
Icém,3519808,icense,APARECIDA SALISSO,362.355,7819,21.58,7969,98.5,0.72,-,74886856.26,68843782.99,25025.6
Iepê,3519907,iepense,MARTA PATRICIA STONIS DA COSTA,594.974,7619,12.81,7739,97.9,0.736,35.29,67916937.29,63322901.78,52789.96
Igaraçu do Tietê,3520004,iguaraçuense,CARLOS ALBERTO VARASQUIM,97.747,23106,236.39,23430,98.8,0.727,8.73,120561345.6,104758840.8,15357.34
Igarapava,3520103,igarapavense,JOSÉ HUMBERTO LACERDA RODRIGUES,468.355,26212,55.97,26755,97.8,0.768,3.58,189673267.9,179913352.5,42208.35
Igaratá,3520202,igaratense,GABRIEL GOMES PRIANTI DE JESUS,292.953,10605,36.2,10904,99.1,0.711,14.39,85714352.75,77953753.11,24936.71
Iguape,3520301,iguapense,SALVADOR JOSÉ BARBOSA JUNIOR,1978.795,29115,14.71,29881,99.5,0.726,6.54,191922775.9,189592144.4,51053.14
Ilhabela,3520400,ilhabelense,ANTONIO LUIZ COLUCCI,346.389,34934,100.85,36329,98.3,0.756,6.19,1023355528,1209718329,385605.85
Ilha Comprida,3520426,ilha compridense,MARISTELA OSÓRIO DE MARQUES CARDONA,196.567,13419,68.27,13955,98.2,0.725,20.55,137235099,139237594.1,118036.8
Ilha Solteira,3520442,ilhense,RODRIGO BATISTA GONÇALVES,652.641,25549,39.15,26240,99.3,0.812,18.52,214708229.2,215785769.9,26261.81
Indaiatuba,3520509,indaiatubano,CUSTÓDIO TAVARES DIAS NETO,311.545,255748,820.9,267796,98.2,0.788,9.68,2118789984,1911914333,87525.86
Indiana,3520608,indianense,WHESLEN THIEGO SCAIONE CACHOEIRA,129.367,5090,39.35,5191,98,0.761,-,32438918.09,29756087.78,17846.96
Indiaporã,3520707,indiaporãense,BERNADETE APARECIDA SANTANA RIBEIRO SPONQUIADO,279.606,4035,14.43,4109,98.5,0.751,-,40203615.54,38422050.55,28664.34
Inúbia Paulista,3520806,inubense,FERNANDO ROSSI,87.119,3615,41.49,3671,98.3,0.759,-,30773113.98,26127245.89,33790.08
Ipaussu,3520905,ipauçuense,LUIZ CARLOS SOUTO,209.554,13712,65.43,13933,97.9,0.727,40.46,93594215.4,88640040.29,32911.22
Iperó,3521002,iperoense,LEONARDO ROBERTO FOLIM,170.289,36459,214.1,37999,98.9,0.719,13.26,186198985.3,182205992,25010.8
Ipeúna,3521101,ipeunense,MARIA LUISA ZANONI PRATA,190.01,6831,35.95,6999,98.8,0.753,-,58619551.92,53679807.48,121154.37
Ipiguá,3521150,ipiguaense,EFRAIM GARCIA LOPES,136.028,6761,49.7,7037,98.5,0.73,13.7,40309165.71,37954307.04,22360.76
Iporanga,3521200,iporanguense,MARCOS DOS SANTOS DOMINGOS,1152.059,4046,3.51,4091,97.3,0.703,40.82,41515232.72,36440985.45,15181.67
Ipuã,3521309,ipuãnense,RONYWERTON MARCELO ALVES PEREIRA,466.461,14454,30.99,14691,98,0.749,13.61,110045312.4,107590601.9,26361.5
Iracemápolis,3521408,iracemapolense,NELITA CRISTINA MICHEL FRANCESCHINI,115.118,21967,190.82,22435,95.7,0.776,13.57,155021322.6,153505901,85178.34
Irapuã,3521507,irapuense,RENI APARECIDA DA SILVA,257.612,6867,26.66,6946,97.9,0.713,18.87,43377132.62,43670549.45,22987.71
Irapuru,3521606,irapuruense,ADEMAR CALEGÃO,214.461,7085,33.04,7145,95.1,0.712,-,40449186.17,37866262.19,13115.75
Itaberá,3521705,itaberaense,CÉLIO RONALDO GOMES DE LIMA,1100.247,17983,16.34,18258,97.9,0.693,14.93,120897594.3,105579498,58380.87
Itaí,3521804,itaiense,JOSE RAMIRO ANTUNES DO PRADO,1092.884,25180,23.04,25930,97.9,0.713,14.62,189763899.5,188930679.2,33471.94
Itajobi,3521903,itajobiense,SIDIOMAR UJAQUE,502.066,16989,33.84,17420,94.9,0.73,24.75,122637086.6,111637075.8,61001.88
Itaju,3522000,itajuense,JERRI DE SOUZA NEIVA,230.355,3618,15.71,3702,98.7,0.705,-,36798892.43,35618760.72,58993.27
Itanhaém,3522109,itanhaense,TIAGO RODRIGUES CERVANTES,601.711,112476,186.93,117435,97.5,0.745,9.04,627091641.1,687240527.2,22704.86
Itaoca,3522158,itaoquense,FREDERICO DIAS BATISTA,183.015,3422,18.7,3490,98.8,0.68,45.45,1361518.11,32950275.05,16009.98
Itapecerica da Serra,3522208,itapecericano,RAMON PIRES CORSINI,150.742,158522,1051.61,163928,96.8,0.742,9.63,693626474.1,679825024.2,27338.58
Itapetininga,3522307,itapetiningano,JEFERSON RODRIGO BRUN,1789.35,157790,88.18,163774,96.4,0.763,11.77,771380104.2,771636943.3,38058.01
Itapeva,3522406,itapevense,ADRIANA DUCH MACHADO,1826.258,89728,49.13,92324,98.4,0.732,15.18,541684449.2,533647926.9,39783.21
Itapevi,3522505,itapeviense,MARCOS FERREIRA GODOY,82.658,232297,2810.34,241924,96.5,0.735,14.64,1167174075,1129557838,52656.14
Itapira,3522604,itapirense,ANTONIO HÉLIO NICOLAI,518.416,72022,138.93,73919,98,0.762,10.72,480978323.8,490561950.8,62845.44
Itapirapuã Paulista,3522653,itapirapuã paulistense,JULIO CESAR DO AMARAL,406.478,4306,10.59,4405,99,0.661,-,33850947.29,33731110.57,12247.37
Itápolis,3522703,itapolitano,VLADIMIR DO CARMO REGGIANI,996.747,39493,39.62,40464,98.4,0.744,9.46,224584854.5,230269457.5,37459.11
Itaporanga,3522802,itaporanguense,FABIO BRUNO GURGEL BENINI,507.997,14085,27.73,14260,97.9,0.719,-,86360134.57,75840505.52,20103.59
Itapuí,3522901,itapuiense,MARIA CLELIA VIARO PICHELLI,140.023,13659,97.55,13984,96.5,0.725,20.83,90428133.42,86424812.38,70205.57
Itapura,3523008,itapurense,SERGINO DA SILVA PRADO,301.653,3979,13.19,4014,98,0.72,-,46447967.03,43745177.71,20950.66
Itaquaquecetuba,3523107,itaquaquecetubense,EDUARDO BOIGUES QUEROZ,82.622,369275,4469.45,382521,96.4,0.714,14.14,1164585173,1197260261,25112.29
Itararé,3523206,itarareense,JOÃO JORGE FADEL FILHO,1003.86,44438,44.27,45327,98,0.703,8.82,229298859.1,197993470,23286.15
Itariri,3523305,itaririense,CARLOS ROCHA RIBEIRO,273.667,15528,56.74,15762,96.4,0.677,6.54,81856420.09,79955414.2,24725.72
Itatiba,3523404,itatibense,THOMÁS ANTONIO CAPELETTO DE OLIVEIRA,322.269,121590,377.29,126403,97.8,0.778,14.18,748367169.9,707461902.5,66360.02
Itatinga,3523503,itatinguense,PAULO HENRIQUE DE OLIVEIRA ROQUE,979.817,19070,19.46,19427,98,0.706,28.11,120736892.1,121918007.7,18764.35
Itirapina,3523602,itirapinense,MARIA DA GRAÇA ZUCCHI MORAES,564.603,16148,28.6,16433,97.8,0.724,12.74,138479188,138040288.1,68413.96
Itirapuã,3523701,itirapuãnense,GERSON LUIZ ALVES,161.118,5779,35.87,5861,99.1,0.707,-,32641764.02,27032640.51,24568.81
Itobi,3523800,itobiano,JOAQUIM CÂNDIDO FILHO,138.986,8046,57.89,8210,98.6,0.717,-,35749694.56,33499071.45,25230.99
Itu,3523909,ituano,HERCULANO CASTILHO PASSOS JUNIOR,640.719,168240,262.58,174561,94.3,0.773,9.06,1359074978,1272539159,59502.19
Itupeva,3524006,itupevense,ROGÉRIO CAVALIN,200.876,70616,351.54,74119,97.4,0.762,14.59,598792690.2,596912701.6,130938.58
Ituverava,3524105,ituveravense,LUIZ ANTÔNIO DE ARAÚJO,704.659,37571,53.32,38451,97.9,0.765,15.22,260788053.5,260992939.7,45131.05
Jaborandi,3524204,jaborandiense,SILVIO VAZ DE ALMEIDA,273.438,6221,22.75,6293,98.3,0.711,37.04,56181069.51,52702493.01,22013.21
Jaboticabal,3524303,jaboticabalense,EMERSON RODRIGO CAMARGO,706.602,71821,101.64,73467,97.9,0.778,9.6,477586939.3,499049193.8,46151.86
Jacareí,3524402,jacareiense,CELSO FLORÊNCIO DE SOUZA,464.272,240275,517.53,249968,98.3,0.777,9.33,1414823413,1485224136,67874.93
Jaci,3524501,jaciense,VALÉRIA PERPÉTUO GUIMARÃES HENRIQUE,145.133,7613,52.46,7878,97.7,0.723,-,51758652.37,44763217.29,92434.87
Jacupiranga,3524600,jacupiranguense,JOÃO BATISTA DE ANDRADE,704.136,16097,22.86,16254,97.4,0.717,5.52,104229603.6,100672013.4,29651.56
Jaguariúna,3524709,jaguariunense,DAVID HILARIO NETO,141.391,59347,419.74,61801,98,0.784,8.96,685942950.8,648640411.5,233328.91
Jales,3524808,jalesense,LUIS HENRIQUE DOS SANTOS MOREIRA,368.574,48776,132.34,50017,98.9,0.776,2,273795662.2,290969820.8,40212.72
Jambeiro,3524907,jambeirense,ARIES MARIOTO FERREIRA,184.413,6397,34.69,6575,97.7,0.756,-,62841358.64,57840987,51684.83
Jandira,3525003,jandirense,HENRI HAJIME SATO,17.449,118045,6765.14,121988,96.9,0.76,13.69,500164611.5,588879132.3,38426.42
Jardinópolis,3525102,jardinopolense,ANTONIO CARLOS DEGAN,501.87,45282,90.23,46868,97.1,0.735,11.83,255382527.7,251788026.7,34708.42
Jarinu,3525201,jarinuense,DÉBORA CRISTINA DO PRADO BELINELLO,207.549,37535,180.85,39531,98.2,0.733,16.59,231962801.9,211588533,96153.71
Jaú,3525300,jauense,JORGE IVAN CASSARO,687.103,133497,194.29,137323,97.8,0.778,6.08,649374970,637236674.4,36376.16
Jeriquara,3525409,jeriquarense,ELAINE PINHEIRO DE PAULA MANSANO GARCIA,141.971,3863,27.21,3976,98,0.703,-,37567208.4,35953339.2,53750.36
Joanópolis,3525508,joanopolitano,CRISTIANO BENEDITO,374.293,12815,34.24,13095,95.8,0.699,8.2,76755649.69,72162023.85,19442.33
João Ramalho,3525607,ramalhense,DIRCE DA CONCEICAO BUBOLA VALEJO,415.452,4371,10.52,4456,99.4,0.741,-,43056966.15,40378149.51,32483.14
José Bonifácio,3525706,bonifaciano,MARCELO CATARUCI DE ALMEIDA,860.2,36633,42.59,37859,99,0.777,11.85,193097468.8,179870011.5,36644.42
Júlio Mesquita,3525805,júlio-mesquitense,ELTON FRANCISCO DE BRITO,128.183,4254,33.19,4308,97.7,0.716,17.86,32954115.42,33808687.26,12197.96
Jumirim,3525854,jumirense,DANIEL VIEIRA,56.685,3056,53.91,3123,99.2,0.741,-,40486608.92,41537342.38,61724.71
Jundiaí,3525904,jundiaiense,GUSTAVO MARTINELLI,431.204,443221,1027.87,460313,98.2,0.822,10.65,3476557893,3544626740,135081.2
Junqueirópolis,3526001,junqueiropolense,ELIO FURINI NETO,582.565,20448,35.1,20878,96.8,0.745,10.26,122212861.8,113442291.3,38510.78
Juquiá,3526100,juquiaense,CICERO CIRILO DOS SANTOS,812.799,17154,21.1,17255,97.7,0.7,19.01,97268828.47,93175140.04,19673.56
Juquitiba,3526209,juquitibense,WILLIANS SOARES RODRIGUES,522.169,27404,52.48,28007,98.5,0.709,23.19,146037197.8,145482633.8,18025.29
Lagoinha,3526308,lagoinhense,JOSÉ GUILHERME CORRÊA GOMES,255.472,5083,19.9,5182,99,0.693,25.64,41674138.75,37543235.76,15150.97
Laranjal Paulista,3526407,laranjalense,ANTONIO VALDECIR BERTO FILHO,384.274,26261,68.34,27009,98.1,0.729,2.99,172127126.5,171589181.5,48579.92
Lavínia,3526506,lavinense,SALVADOR CAZUO MATSUNAKA,537.675,9689,18.02,9909,98.6,0.721,-,60386988.32,54838499.13,14696.45
Lavrinhas,3526605,lavrinhense,MARCOS VINICIUS FRANQUEIRA GARCIA,167.067,7171,42.92,7328,98.5,0.729,10.31,43985071.64,43063773.36,18111.28
Leme,3526704,lemense,CLAUDEMIR APARECIDO BORGES,402.871,98161,243.65,101316,97.7,0.744,11.82,562660275,526866937.9,38964.09
Lençóis Paulista,3526803,lençoiense,ANDRE PACCOLA SASSO,809.541,66505,82.15,68395,99,0.764,9.67,482704619.5,460488506.5,70818.58
Limeira,3526902,limeirense,MURILO BERBERT AVIGO FELIX,580.711,291869,502.61,300728,97.7,0.775,12.6,1738527699,1782064378,51678.31
Lindóia,3527009,lindoiano,LUCIANO FRANCISCO DE GODOI LOPES,48.756,7014,143.86,7147,97.4,0.742,-,61686301.95,61073730.81,30018.14
Lins,3527108,linense,JOÃO LUIS LOPES PANDOLFI,570.058,74779,131.18,76729,98.4,0.786,11.29,375836761.1,380470216.6,85642.71
Lorena,3527207,lorenense,SYLVIO BALLERINI,414.16,84855,204.88,87370,97.2,0.766,14.59,383647462.9,403570667.3,43299.19
Lourdes,3527256,lourdense,ODECIO RODRIGUES DA SILVA,113.94,1950,17.11,1968,98.4,0.742,-,29312120.95,28805689.51,18818.34
Louveira,3527306,louveirense,PAULO ALBERTO FINAMORE,55.738,51847,930.19,54111,97.3,0.777,9.85,680192719.1,720214435.4,385773.53
Lucélia,3527405,luceliense,TATIANA GUILHERMINO TAZINÁZZIO,314.81,20061,63.72,20372,99.4,0.752,23.26,102326100.8,95908188,26531.25
Lucianópolis,3527504,lucianopolense,ADEMIR MANTOVANELLI,189.536,2372,12.51,2419,99.1,0.733,-,29823895.49,26815998.49,29214.5
Luís Antônio,3527603,luís-antoniense,RODRIGO MELLO MARQUES,598.257,12265,20.5,12531,99.4,0.731,-,126178670,109773381.2,99603.69
Luiziânia,3527702,luiziano,RAPHAEL SARAIVA BARRETO,166.576,4701,28.22,4751,92.8,0.702,-,35799899.02,32823698.35,15851.42
Lupércio,3527801,lupercense,CLEBER MENEGUCCI,155.171,3981,25.66,4017,94.5,0.724,-,31267186.21,26125545.45,21340.47
Lutécia,3527900,luteciano,LAUDEMIR LEATI,475.226,2661,5.6,2699,93.7,0.72,50,35270088,32193765.6,38571.53
Macatuba,3528007,macatubense,ANDERSON FERREIRA,224.514,16829,74.96,17120,99.3,0.77,12.42,128156917.3,129357781.2,37292.64
Macaubal,3528106,macaubalense,ACACIO TARDOQUE FERREIRA,248.087,7481,30.15,7587,97.9,0.743,-,46088119.31,45707335.01,24094.91
Macedônia,3528205,macedoniense,REGINALDO ELOY MARCOMINI DOS REIS,327.567,3963,12.1,4048,99.3,0.74,-,37885116.6,32857712.33,24669.23
Magda,3528304,magdense,RODOLFO FERREIRA KAMÁ,312.282,3165,10.14,3212,96.5,0.753,38.46,39632169.17,38300158.54,33742.07
Mairinque,3528403,mairinquense,CARLOS EDUARDO THOMAZ PEDROSO,210.149,50027,238.05,51660,96.9,0.743,10.29,252377603.8,258429491.1,56474.15
Mairiporã,3528502,mairiporense,WALID ALI HAMID,320.697,93853,292.65,97399,98.1,0.788,10.54,528198255.9,563933049.6,22076.24
Manduri,3528601,mandurinense,PAULO ROBERTO MARTINS,229.046,9871,43.1,10092,98.9,0.739,-,58302631.53,48828820.07,29272.78
Marabá Paulista,3528700,marabaense,APARECIDO NASCIMENTO SOBRAL,919.519,4573,4.97,4627,99,0.677,-,42846010.66,43676508.18,25999.5
Maracaí,3528809,maracaiense,PAULO EDUARDO DA SILVA,533.498,12673,23.75,12826,98.3,0.771,9.43,93300506.7,82252614.75,36775.73
Marapoama,3528858,marapoamense,LOURENÇO LORENCETI,111.267,3292,29.59,3392,99.4,0.752,31.25,38927661.04,35921233.66,38648.5
Mariápolis,3528908,mariapolense,RICARDO MITSURO WATANABE,186.544,3513,18.83,3539,97.5,0.718,-,28957810.34,25357269.59,18663.17
Marília,3529005,mariliense,VINICIUS ALMEIDA CAMARINHA,1170.515,237627,203.01,246627,97.8,0.798,15.29,1383250370,1510687108,40272.45
Marinópolis,3529104,marinopolense,EVALDO RIBEIRO,77.827,1860,23.9,1870,97.6,0.731,-,25892999.77,28639732.05,19070.41
Martinópolis,3529203,martinopolense,VALDECI SOARES DOS SANTOS FILHO,1253.564,24881,19.85,25299,98.1,0.721,7.69,140480861.9,129688198.5,28179.26
Matão,3529302,matonense,APARECIDO FERRARI,524.899,79033,150.57,80998,97.7,0.773,8.91,460572218.6,409618428,63716.37
Mauá,3529401,mauaense,FRANCISCO MARCELO DE OLIVEIRA,61.937,418261,6753.01,429380,97.4,0.766,13.21,1661556494,1568673962,43128.78
Mendonça,3529500,mendoncino,JULIANO SOUZA DE OLIVEIRA,195.151,6159,31.56,6369,98.1,0.744,39.47,58152806.31,51658811.37,66474.78
Meridiano,3529609,meridianense,FÁBIO PASCHOALINOTO,228.199,4572,20.04,4697,98.5,0.731,-,51832624.27,49656800.74,103289.4
Mesópolis,3529658,mesopolense,ALEX ROCHA PIMENTEL,148.636,1952,13.13,1988,100,0.724,-,31045188.85,29354159.37,42887.61
Miguelópolis,3529708,miguelopense,JULIO FERREIRA DO CARMO,820.849,19441,23.68,19655,98.6,0.741,8.77,143290398.3,137019786.8,45201.82
Mineiros do Tietê,3529807,mineiros-tieteense,LUIZ GUSTAVO FERRAREZ,213.242,11230,52.66,11349,98.3,0.73,-,59581392.75,59638292.81,17373.68
Miracatu,3529906,miracatuense,VINÍCIUS BRANDÃO DE QUEIROZ,1001.484,18553,18.53,18679,97.1,0.697,28.57,120815226.4,115672154,23420.28
Mira Estrela,3530003,mira-estrelense,GLEICE APARECIDA CASTREQUINI,216.825,3126,14.42,3199,97.2,0.743,-,40784904.97,35296371.93,22515.72
Mirandópolis,3530102,mirandopolense,EDERSON PANTALEAO DE SOUZA,917.694,27983,30.49,28737,97.9,0.751,19.61,129364664.3,134938915.1,24753.46
Mirante do Paranapanema,3530201,mirantense,EDUARDO QUESADA PIAZZALUNGA,1238.931,15917,12.85,16069,98.8,0.724,24.39,117587447.1,110656418.1,32957.78
Mirassol,3530300,mirassolense,EDSON ANTONIO ERMENEGILDO,243.228,63337,260.4,65485,93.5,0.762,9.66,326992903.5,295996174.2,43778.54
Mirassolândia,3530409,mirassolandense,CÉLIA APARECIDA FIAMENGHI DOS SANTOS MATOS,166.125,4669,28.11,4771,96.9,0.738,-,37708102.18,35597992.94,42951.06
Mococa,3530508,mocoquense,EDUARDO RIBEIRO BARISON,855.156,67681,79.14,69324,98.9,0.762,6.99,310766549.9,313927627.5,44065.5
Mogi das Cruzes,3530607,mogiano,MARIA LUISA PICCOLOMINI BERTAIOLLI,712.541,451505,633.65,468120,97.7,0.783,12.98,2178329539,2502872298,43031.34
Mogi Guaçu,3530706,guaçuano,RODRIGO FALSETTI,812.753,153658,189.06,159735,97.9,0.774,12.06,846831199.8,881717174.8,44538.21
Mogi Mirim,3530805,mogi-miriano,PAULO DE OLIVEIRA E SILVA,497.708,92558,185.97,95534,97.4,0.784,5.5,668722600.5,658900253.1,67095.62
Mombuca,3530904,mombucano,EVERTON TIAGO MORA PEDROSO,133.698,3722,27.84,3815,97.8,0.719,-,36085959.47,36015938.49,35344.16
Monções,3531001,monçolense,DOUGLAS ANTÔNIO HONORATO,104.352,1937,18.56,1954,100,0.772,-,35544568.23,30313250.87,25620.96
Mongaguá,3531100,mongaguano,LUIZ BERBIZ DE OLIVEIRA,142.755,61951,433.97,64519,98.3,0.754,12.8,396556630.8,395945184.7,21421.71
Monte Alegre do Sul,3531209,monte-alegrense,JOSE RAFAEL VEZZAN,110.308,8627,78.21,8873,98.3,0.759,13.7,52932743.15,50438445.25,30829.71
Monte Alto,3531308,monte-altense,MARIA HELENA AGUIAR RETTONDINI,346.95,47574,137.12,48725,98.6,0.768,17.24,262044565.3,250704589.5,47713.32
Monte Aprazível,3531407,monte-aprazivelense,JOÃO ROBERTO CAMARGO,495.559,22280,44.96,22650,98.8,0.785,18.6,125857998.7,118921665.7,29885.78
Monte Azul Paulista,3531506,monte-azulense,MARDQUEU SILVIO FRANÇA,263.463,18151,68.89,18363,98.6,0.753,9.9,144774305.5,129924443,33768.09
Monte Castelo,3531605,monte-castelense,EDSON CARLOS OLIVEIRA DA SILVA,233.547,4222,18.08,4301,98.2,0.741,-,37047554.03,38233480.23,30746
Monteiro Lobato,3531704,lobatense,EDMAR JOSÉ DE ARAUJO,332.742,4138,12.44,4205,96.5,0.71,46.51,42026146.67,39381142.35,17520.67
Monte Mor,3531803,monte-morense,MURILO ANTÔNIO DE SOUSA RINALDO,240.566,64662,268.79,67296,97.2,0.733,11.2,389299341.1,374198633.8,69972.02
Morro Agudo,3531902,morro-agudense,LEANDRO CÉSAR SILVA VALADARES,1388.127,27933,20.12,28561,95.9,0.712,9.52,237163419.9,253380462,36487.83
Morungaba,3532009,morungabense,LUIS FERNANDO MIGUEL,146.752,13720,93.49,14081,97.4,0.715,5.26,96349444.19,98931065.55,45445.18
Motuca,3532058,motuquense,FABIO DE MENEZES CHAVES,228.7,4034,17.64,4079,95.4,0.741,43.48,37202146.31,34985721.61,24983.62
Murutinga do Sul,3532108,murutinguense,CRISTIANO ELEUTÉRIO SOARES DA SILVA,250.873,3737,14.9,3763,96.4,0.726,62.5,36005567.99,32369365.41,19453.5
Nantes,3532157,nantense,MARLLON JAFFER ALBANO DE OLIVEIRA,286.647,2660,9.28,2699,98.7,0.714,-,38196293.29,36108643.17,44261.55
Narandiba,3532207,narandibense,DANILLO CARVALHO DOS SANTOS,357.325,5713,15.99,5908,98.9,0.718,12.99,63650411.29,54779526.91,129106.16
Natividade da Serra,3532306,nativense,EVAIL AUGUSTO DOS SANTOS,833.372,6999,8.4,7134,98.8,0.655,15.63,48461260.82,44621621.52,14098.9
Nazaré Paulista,3532405,nazareano,AVANILDE APARECIDA GONZAGA CANEDO,326.254,18217,55.84,18620,96.9,0.678,-,107016540.1,104067597.5,24667.18
Neves Paulista,3532504,nevense,EDENILSON ALEXANDRE ROSSELLI,219.05,9699,44.28,9921,99.7,0.754,-,54006533.23,51857816,30979.89
Nhandeara,3532603,nhandearense,ANTONIO MARQUES DO NASCIMENTO JUNIOR,436.159,9852,22.59,9944,97.7,0.751,-,68527393.45,68021828.62,31773.36
Nipoã,3532702,nipoense,JOSE PEDRO RAMPIM,137.609,4750,34.52,4860,99.2,0.713,44.78,33254643.71,32889343.76,17820.45
Nova Aliança,3532801,nova-aliancense,JURANDIR BARBOSA DE MORAIS,217.515,6693,30.77,6858,99.2,0.738,-,50466864.55,43938024.48,45514.97
Nova Campina,3532827,nova campinense,ANTONIO ISAEL DE OLIVEIRA JUNIOR,385.375,8497,22.05,8631,99.7,0.651,31.75,64328086.75,61764250.7,22192.26
Nova Canaã Paulista,3532843,novacanaense,THAIS CRISTINA COSTA MOREIRA,124.473,2032,16.32,2058,98.8,0.715,55.56,28157361.03,25284208.62,25386.3
Nova Castilho,3532868,castilhense,MAICON GARCIA PIROLA,183.396,1062,5.79,1074,100,0.756,-,32510589.03,26870231.17,47027.11
Nova Europa,3532900,nova-europense,LIDIANE LUIZE RODRIGUES,160.25,9311,58.1,9459,100,0.765,42.55,75298021.84,72823787.34,32768.54
Nova Granada,3533007,granadense,LUIZ AUGUSTO SALVADOR,531.796,19419,36.52,19725,98.6,0.739,8.47,96982195.07,85167876.03,23447.89
Nova Guataporanga,3533106,guataporanguense,JOSE MAURO LOURENCETTI,34.158,2156,63.12,2188,99.3,0.726,-,24240946.39,21386158.9,15762.88
Nova Independência,3533205,independentino,FERNANDO MACCHI SANTANA,265.029,4609,17.39,4795,98,0.735,-,53175198.73,48459187.51,51548.89
Novais,3533254,novaense,PAULO CESAR DIAS PINHEIRO,117.772,4412,37.46,4469,100,0.719,-,38539861.87,36735076.17,12986.7
Nova Luzitânia,3533304,luzitaniense,MIGUEL JOSÉ ARAÚJO JUNIOR,73.816,2837,38.43,2838,98.6,0.743,-,29619864.66,30429667.36,14278.82
Nova Odessa,3533403,novaodessense,CLÁUDIO JOSÉ SCHOODER,73.788,62019,840.5,64228,98.4,0.791,12.13,339645243.3,349853936.8,65145.09
Novo Horizonte,3533502,novo-horizontino,FABIANO DE MELLO BELENTANI,931.743,38324,41.13,39435,97.7,0.753,12.82,241698441.7,231526590.3,37973.31
Nuporanga,3533601,nuporanguense,DANIEL VIANA MELO,348.265,7391,21.22,7550,97.8,0.746,-,69181871.03,67795500.87,115407.02
Ocauçu,3533700,ocauçuense,JOÃO BENEDITO COSTA E SILVA,301.036,4331,14.39,4412,97.7,0.717,13.51,39305320.17,36947842.76,32921.81
Óleo,3533809,oleense,JORDÃO ANTONIO VIDOTTO,198.938,2512,12.63,2540,98.9,0.73,-,32013559.85,26590532.65,52419.92
Olímpia,3533908,olimpiense,EUGENIO JOSE ZULIANI,802.555,55074,68.62,56701,97.4,0.773,9.66,378028593.6,382061875.5,45985.63
Onda Verde,3534005,onda-verdense,NILSON NEVES DE SOUZA,242.946,4771,19.64,4912,98.7,0.738,19.23,47547555.85,41521478.51,46086.02
Oriente,3534104,orientense,GERALDO MATHEUS MORIS,218.668,6085,27.83,6180,97.2,0.77,14.49,41698666.46,37681461.71,19753.85
Orindiúva,3534203,orindiuvense,MIRELI CRISTINA LEITE RUVIÉRI MARTINS,247.378,6024,24.35,6145,99.3,0.767,-,61929222.06,57544500.78,87570.54
Orlândia,3534302,orlandino,JORGE GABRIEL GRASI,291.765,38319,131.34,39193,98.3,0.78,9.69,290751556.3,264146085.8,57728.08
Osasco,3534401,osasquense,GERSON DIAS PESSOA,64.954,728615,11217.4,756952,96,0.776,14.91,4501945153,4685442908,122765.64
Oscar Bressane,3534500,bressanense,ANSELMO GIROTO,222.13,2470,11.12,2504,96.7,0.749,66.67,31068213.97,26427569.93,43366.02
Osvaldo Cruz,3534609,osvaldo-cruzense,VERA LUCIA ALVES,248.038,31272,126.08,32099,97.6,0.762,6.37,141173813.7,141466385.4,32836.81
Ourinhos,3534708,ourinhense,GUILHERME ANDREW GONÇALVES DA SILVA,295.818,103970,351.47,106877,98.2,0.778,9.39,670871894.2,712859339,34406.86
Ouroeste,3534757,ouroestense,SEBASTIÃO CARLOS SILVA,288.648,10294,35.66,10596,99.7,0.77,10.87,105007650.6,102014884.8,51226.69
Ouro Verde,3534807,ouro-verdense,JULIO CESAR DE MORI VECCHIATI,266.778,7779,29.16,7901,97.3,0.692,40.4,46457700.94,43723831.08,15558.53
Pacaembu,3534906,pacaembuense,JOAO FRANCISCO MUGNAI NEVES,339.375,14877,43.84,15217,98.9,0.725,-,72597792.52,66062103.37,15195.79
Palestina,3535002,palestinense,REINALDO APARECIDO DA CUNHA,697.701,11476,16.45,11689,96.6,0.732,-,86250817.29,86347391.44,31646.21
Palmares Paulista,3535101,palmarense,LUCAS APARECIDO DA ASSUMÇÃO,82.125,9650,117.5,9709,98.2,0.722,-,51295023.68,46700393.45,9964.11
Palmeira d'Oeste,3535200,palmeirense,VALDIR SEMENSATI DE MORAES,318.74,8903,27.93,8994,98.5,0.753,-,48538164.12,47371565.04,23443.85
Palmital,3535309,palmitalense,LUIS GUSTAVO MENDES MORAES,548.407,19594,35.73,19767,97.2,0.746,5.46,150202078.2,131234554.3,40347.04
Panorama,3535408,panoramense,DANIEL GENOVA,356.05,14964,42.03,15214,95.8,0.722,23.12,82519652.39,81673912.63,19933.87
Paraguaçu Paulista,3535507,paraguaçuense,ANTONIO TAKASHI SASADA,1001.492,41120,41.06,42087,99.4,0.762,13.57,293516970.2,262823727,39015.76
Paraibuna,3535606,paraibunense,HELOISA ANTUNES DE FARIA SANTOS,809.576,17667,21.82,17950,97.2,0.719,4.93,134714226.5,122107562,19220.43
Paraíso,3535705,paraisense,OSVALTE JOSE BOVONI,155.186,6099,39.3,6211,99.1,0.749,33.33,57600244.69,57123945.08,42122.5
Paranapanema,3535804,paranapanemense,RODOLFO HESSEL FANGANIELLO,1018.724,19395,19.04,19799,98.1,0.717,14.04,145507036.5,132912475.3,45907.58
Paranapuã,3535903,paranapuense,DANIEL JUNIOR DURAN PINATTO,140.354,4031,28.72,4111,98.4,0.732,-,33553865.87,32916026.82,32360.15
Parapuã,3536000,parapuense,MILTON MITIO IWAYAMA,366.664,10580,28.85,10729,98.9,0.737,22.22,70001826.91,60940936.19,67842.13
Pardinho,3536109,pardinhense,CRISTIANO CAMARGO MOREIRA,209.894,7153,34.08,7382,98.3,0.727,29.13,59269415.25,59068331.51,55976.73
Pariquera-Açu,3536208,pariquerense,WAGNER BENTO DA COSTA,359.414,19233,53.51,19576,97.1,0.736,12.61,94140402.31,106046050.6,29601.64
Parisi,3536257,parasiano,OCLAIR BARÃO BENTO,84.737,2892,34.13,3001,99.6,0.721,-,32416119.5,30082448.25,24630.17
Patrocínio Paulista,3536307,patrocinense,MÁRIO MARCELO CARRARO BERTELLI,602.848,14512,24.07,14837,97.8,0.73,39.11,103023808,88830702.3,91078.82
Paulicéia,3536406,pauliceiense,ANTONIO SIMONATO,374.091,7955,21.26,8200,94,0.711,10.1,63677195.04,59406739.24,26544.4
Paulínia,3536505,paulinense,DANILO HENRIQUE MACÊDO DE BARROS,138.777,110537,796.51,115690,97.9,0.795,14.8,2298800288,1936547504,457517.7
Paulistânia,3536570,paulistaniense,LUIZ CARLOS MARQUES,256.178,2090,8.16,2146,97.5,0.718,-,31453436.24,28091916.1,26505.01
Paulo de Faria,3536604,paulo-fariense,DIRCEU CASSIA FILHO,737.986,7400,10.03,7430,98.5,0.725,13.51,66393852.47,65212987.91,30054.05
Pederneiras,3536703,pederneirense,IVANA MARIA BERTOLINI CAMARINHA,727.482,44827,61.62,46223,98.3,0.739,9.29,244403053.9,244785459.4,64521.62
Pedra Bela,3536802,pedra-belense,VANDERLEI LOPES DA SILVA,158.587,6557,41.35,6718,95.8,0.677,-,40403448.62,39469197.68,19271.43
Pedranópolis,3536901,pedranopolense,FAUSTO LUANO ROSA,260.101,2787,10.72,2848,100,0.742,-,34773157.67,33179202.17,32369.01
Pedregulho,3537008,pedregulhense,CARLOS EDUARDO BARBOSA TEIXEIRA,712.604,15525,21.79,15742,98.4,0.715,15,105676905.7,100795063.6,102593.26
Pedreira,3537107,pedreirense,FÁBIO VINICIUS POLIDORO,108.817,43112,396.19,44332,98.1,0.769,6.74,269791203.4,246353942.4,30658.23
Pedrinhas Paulista,3537156,pedrinhense,FREDDIE COSTA NICOLAU,152.309,2804,18.41,2838,97.3,0.774,29.41,40527685.12,36994047.19,56819.68
Pedro de Toledo,3537206,toledense,PAULO EDUARDO ALVES FERREIRA,670.44,11281,16.83,11539,99.3,0.696,43.96,67571621.04,60278612.68,15521.76
Penápolis,3537305,penapolense,CARLOS HENRIQUE ROSSI CATALANI,711.314,61679,86.71,63317,98.7,0.759,23.53,354968484.3,351069357.2,32488.66
Pereira Barreto,3537404,pereira-barretense,HERMÍNIO BARBOSA KOMATSU,974.247,24095,24.73,24389,98.1,0.766,20.2,180314054.7,160644233.6,42339.32
Pereiras,3537503,pereirense,OSMAR PASQUALINO RODRIGUES RAMOS JUNIOR,223.136,8737,39.16,8969,96.8,0.736,-,48978628.86,45836615.94,35826.95
Peruíbe,3537602,peruibense,FELIPE ANTONIO COLAÇO BERNARDO,326.216,68352,209.53,70543,98.6,0.749,12.15,445757399.9,465798897.1,28211.36
Piacatu,3537701,piacatuense,RICARDO FRANCISCO LEMES DA SILVA,232.488,5519,23.74,5623,97.5,0.732,55.56,40102173.49,35889609.92,19534.68
Piedade,3537800,piedadense,GERALDO PINTO DE CAMARGO FILHO,746.868,52970,70.92,54237,95.6,0.716,13.01,224456214.8,229355630.9,28657
Pilar do Sul,3537909,pilarense,CLAYTON ALVARO MACHADO,681.248,27619,40.54,28417,93.8,0.69,24.59,145621457.2,129737568.1,43096.72
Pindamonhangaba,3538006,pindamonhangabense,RICARDO ALBERTO PEREIRA PIORINO,731.355,165428,226.19,172027,98.2,0.773,10.39,979027600.4,969611388.4,79951.7
Pindorama,3538105,pindoramense,GERALDO FELIPPE JUNIOR,184.825,14542,78.68,14721,97.5,0.737,-,93632680.84,90677330.91,28703.01
Pinhalzinho,3538204,pinhalzinhense,SEBASTIAO ZANARDI,154.529,15224,98.52,15605,97.8,0.725,7.81,78014422.6,79957037.59,20216.61
Piquerobi,3538303,piquerobiense,ADRIANA CRIVELLI BIFFE,482.769,3264,6.76,3296,99.4,0.711,-,38384106.44,36009131.91,18103.98
Piquete,3538501,piquetense,ROMULO KAZIMIERZ LUSZCZYNSKI,175.996,12490,70.97,12570,98.8,0.757,8.93,69050678.2,56546137.34,14661.29
Piracaia,3538600,piracaiense,ANDRÉ HENRIQUE ROGÉRIO,385.568,26029,67.51,26764,98,0.739,13.93,148818584.6,155524174.6,23959.72
Piracicaba,3538709,piracicabano,HELIO DONIZETE ZANATTA,1378.069,423323,307.19,438827,97.5,0.785,10.28,2785829146,2562442081,84225.76
Piraju,3538808,pirajuense,CARLOS ALBERTO CAMARGO LIMA,504.591,29436,58.34,30261,98.3,0.758,6.76,157530308,153435480.4,30945.65
Pirajuí,3538907,pirajuiense,ROSALINA SONIA DOS SANTOS,823.758,22431,27.23,22743,97.3,0.749,-,120271853.6,107042345.7,20820.31
Pirangi,3539004,piranginense,VANDERLEI ROBSON DE OLIVEIRA,215.809,10885,50.44,11076,97.8,0.756,-,62931977.31,59946549.18,31655.48
Pirapora do Bom Jesus,3539103,piraporano,GREGORIO RODRIGUES PONTES MAGLIO,108.489,18370,169.33,18836,97.5,0.727,4.24,121404957.6,110778533.6,42495.88
Pirapozinho,3539202,pirapozense,LUCAS PADOVAN DOS SANTOS PAVANI,477.673,25348,53.07,26065,98.8,0.776,11.67,131488203.1,123764635.9,33165.84
Pirassununga,3539301,pirassununguense,FERNANDO LUBRECHET,727.118,73545,101.15,75475,98.2,0.801,7.85,403538126.3,388213822.8,42833.73
Piratininga,3539400,piratiningano,CARLOS ALESSANDRO FRANCO BORRO DE MATOS,402.409,15108,37.54,15554,98.4,0.779,-,84175823.73,89042350.76,20048.02
Pitangueiras,3539509,pitangueirense,DIMAS TADEU BOLZAN,430.638,33674,78.2,34416,99,0.723,5.1,206681291.2,214937289.8,34369.55
Planalto,3539608,planaltense,ROSIMEIRE BARBOSA SILVERIO,289.825,4389,15.14,4454,99.2,0.719,27.78,51184011.62,49643559.35,36082.23
Platina,3539707,platinense,DONIZETE APARECIDO FERREIRA DE LIMA,327.48,3025,9.24,3061,98.5,0.719,31.25,41819238.79,35115722.07,33283.11
Poá,3539806,poaense,SAULO DE OLIVEIRA SOUZA,17.264,103765,6010.48,106431,97.6,0.771,11.9,469115441.1,447564869.6,31616.47
Poloni,3539905,poloniense,ANDREIA LUZIA FACHINI BRAIT,135.119,5592,41.39,5696,99.5,0.766,-,25025588.62,32278133.98,25044.23
Pompéia,3540002,pompeiano,DIOGO MONTEFUSCO CESCHIM SILVA,784.674,20196,25.74,20512,98.6,0.786,4.72,174599217,155059155.9,87425.49
Pongaí,3540101,pongaiense,GILHIARD HENRIQUE DE BORTOLI,183.399,3395,18.51,3443,97.4,0.755,-,35049114.03,30848764.74,27887.43
Pontal,3540200,pontalense,JOSÉ CARLOS NEVES SILVA,356.371,37607,105.53,38376,94.5,0.725,18.44,209446351.7,219806756.7,28285.96
Pontalinda,3540259,pantalindense,SISINIO DE OLIVEIRA LEÃO,209.525,4127,19.7,4196,98.3,0.702,21.74,50488233.44,31684958.82,20773.37
Pontes Gestal,3540309,pontes-gestalense,MARCEL DIAS LEITE,217.505,2387,10.97,2415,97.8,0.732,-,40571564.66,46814083.31,49170.31
Populina,3540408,populinense,JOAO CEZAR ROBLES BRANDINI,315.938,4127,13.06,4185,99.6,0.714,-,37287453.27,38405860.91,28351.02
Porangaba,3540507,porangabense,JOÃO CARLOS ALVES BARROS,265.689,10451,39.34,10773,94.7,0.703,-,63298528.62,62409415.17,22903.9
Porto Feliz,3540606,porto-felicense,CÉLIO PEIXOTO DOS SANTOS,556.706,56497,101.48,58345,98.2,0.758,4.93,483196972.7,444056640.8,69921.89
Porto Ferreira,3540705,ferreirense,ANDRE LUIS ANCHAO BRAGA,244.906,52649,214.98,53940,98.1,0.751,12.82,348951161.3,330931937.8,43904.33
Potim,3540754,potinense,EMERSON KIOGI TANAKA,44.643,20392,456.78,20767,99.3,0.697,17.24,94451109.28,86113281.65,12047.78
Potirendaba,3540804,potirendabano,GISLAINE MONTANARI FRANZOTTI,342.492,18496,54,18994,98,0.747,9.66,124353648.8,118168380.2,35101.25
Pracinha,3540853,pracinhense,LAERCIO BIASI,63.054,2578,40.89,2599,100,0.696,-,24157828.9,22566288.16,9468.33
Pradópolis,3540903,pradopolense,SAULO EMMANUEL ATIQUE FILHO,167.378,17078,102.03,17309,96.3,0.733,6.67,142818280.2,139419231.3,49306.42
Praia Grande,3541000,praia-grandense,ALBERTO PEREIRA MOURÃO,149.652,349935,2338.32,365577,96.9,0.754,11.39,2328741537,2482092717,25940.64
Pratânia,3541059,pratino,OSMIR JOSÉ FÉLIX,175.1,5126,29.27,5246,97.7,0.701,-,38438618.09,34796843.88,23527.63
Presidente Alves,3541109,alvense,CRISTIANO DOS SANTOS,286.642,3804,13.27,3841,98.9,0.735,-,31014175.57,28138187.39,19014.7
Presidente Bernardes,3541208,bernardense,CLEBERSON DUARTE DE SOUZA,749.233,14490,19.34,14772,98.5,0.757,8.2,81784742.36,78070195.07,25644.3
Presidente Epitácio,3541307,epitaciano,ANDRÉ FERRAZ LIMA,1260.281,39505,31.35,40383,98.8,0.75,13.12,203917724.1,219198126.7,29738.9
Presidente Prudente,3541406,prudentino,MILTON CARLOS DE MELLO,560.637,225668,402.52,234083,97.8,0.806,13.41,1132633063,1050986269,39845.11
Presidente Venceslau,3541505,venceslauense,BARBARA MEDEIROS VILCHES,755.203,35201,46.61,35902,98.6,0.763,3.56,189255867.8,198663114.4,20760.95
Promissão,3541604,promissense,HAMILTON LUIS FOZ,779.2,35131,45.09,35991,96.7,0.743,18.97,196564683.9,176943950.9,51330.11
Quadra,3541653,quadrense,LHEONIDES DE OLIVEIRA ANDRADE,205.672,3405,16.56,3472,98.3,0.678,-,38248156.14,36945838.93,37038.08
Quatá,3541703,quataense,MÁRCIO BIDÓIA,651.341,13163,20.21,13399,98.7,0.738,6.29,101753262.4,99924316.91,57387.58
Queiroz,3541802,queirozense,WALTER RODRIGO DA SILVA,234.914,3265,13.9,3351,98.1,0.715,-,54835856.93,46904111.24,194914.13
Queluz,3541901,queluzense,JOSÉ CELSO BUENO,249.399,9159,36.72,9146,98,0.722,8.06,73783922.22,79506588.09,28178.35
Quintana,3542008,quintanense,FERNANDO ITAPUÃ BRANCO NUNES,318.937,7038,22.07,7225,98.1,0.732,-,49558618.7,43782746.73,41016
Rafard,3542107,rafardense,FABIO DOS SANTOS,121.645,8965,73.7,9133,98.3,0.745,9.71,61032059.1,62174566.86,48529.75
Rancharia,3542206,ranchariense,HOMERO PINELLI SEVERO LINS,1587.498,28588,18.01,29305,97.5,0.751,20,180459583.8,169981829.8,46459.21
Redenção da Serra,3542305,rendencense,JUCIMAR FERREIRA DA SILVA,309.441,4494,14.52,4611,95.2,0.657,27.03,36572005.91,36402907.78,17461.44
Regente Feijó,3542404,regentense,MARCO ANTÔNIO PEREIRA DA ROCHA,263.28,20145,76.52,20565,98.8,0.768,20,126211924,114290563.5,47932.82
Reginópolis,3542503,reginopolitano,JEFFERSON AUGUSTO RODRIGUES BUAVA,410.406,7662,18.67,7808,98.8,0.728,-,52960271.29,51765388.92,18401.03
Registro,3542602,registrense,SAMUEL MOREIRA DA SILVA JUNIOR,722.201,59947,83.01,61732,97.3,0.754,11.38,304653775.2,310042187.5,41751.4
Restinga,3542701,restinguense,FELIPE TALVANI SONTINI,245.746,6404,26.06,6492,98.6,0.705,48.19,47477925.37,47187952.98,27280.56
Ribeira,3542800,ribeirense,ARI DO CARMOS SANTOS,335.759,3132,9.33,3166,97,0.698,26.32,34764402.41,33289524.4,18699.17
Ribeirão Bonito,3542909,ribeirão-bonitense,PAULO ANTONIO GOBATO VEIGA,471.553,10989,23.3,11079,98.7,0.712,14.93,65596176.07,65507481.93,27794.44
Ribeirão Branco,3543006,ribeirão-branquense,ANTONIO CARLOS CAMARGO RIBAS,697.5,18627,26.71,18930,97.5,0.639,12.24,87186273.53,78562928.92,37255.94
Ribeirão Corrente,3543105,ribeirão-correntense,ANA LOURINETE COSTA LÔBO MONTANHER,148.332,4608,31.07,4706,100,0.711,-,46819918.23,42038359.6,66664.82
Ribeirão do Sul,3543204,ribeirão-sulense,ELIANA MARIA RORATO MANSO,203.208,4677,23.02,4768,99,0.747,-,38751426.84,39911485.83,49451.73
Ribeirão dos Índios,3543238,ribeirindio,VALDECI JOSE FERNANDES,196.446,2025,10.31,2045,98.6,0.721,-,29258133.37,26354062.79,21152.38
Ribeirão Grande,3543253,ribeirão grandense,MARCELO LUIS NUNES,333.363,7450,22.35,7570,96.8,0.705,12.82,49246992.49,49423936.44,15221.41
Ribeirão Pires,3543303,ribeirão-pirense,LUIZ GUSTAVO PINHEIRO VOLPI,98.972,115559,1167.59,118877,97.4,0.784,11.41,545843625,516196745,31068.87
Ribeirão Preto,3543402,ribeirão-pretano,RICARDO AUGUSTO MACHADO DA SILVA,650.916,698642,1073.32,728400,96.9,0.8,9.69,4209742708,4285286746,55484.91
Riversul,3543501,riversulense,MARCOS ROBERTO DOS SANTOS,385.878,5599,14.51,5647,95.9,0.664,-,43969085.53,42980451.73,17299.84
Rifaina,3543600,rifainense,WILSON ALVES DA SILVA JUNIOR,162.508,4049,24.92,4158,99.2,0.74,-,57841696.32,53733051.73,52357.63
Rincão,3543709,rinconense,BRAZ RODRIGUES,316.639,9098,28.73,9145,98.2,0.734,-,59724887.16,59729788.22,20883.52
Rinópolis,3543808,rinopolense,GRAZIELA DE LIMA TOMÉ TREVISAN,358.481,9259,25.83,9357,98.6,0.723,-,55514866.27,48378392.56,35113.28
Rio Claro,3543907,rio-clarense,GUSTAVO RAMOS PERISSINOTTO,498.422,201418,404.11,208857,98.2,0.803,11.2,1354725671,1365493630,63209.08
Rio das Pedras,3544004,rio-pedrense,MARCOS BUZETTO,226.657,31328,138.22,32267,98.4,0.759,8.22,202587103,185092476.9,49338.49
Rio Grande da Serra,3544103,riogranserrense ou serrano ou riogransense,RICARDO AKIRA ONO AURIANI,36.341,44170,1215.43,45317,98.2,0.749,10.73,158315631.5,138338961.5,18472.33
Riolândia,3544202,riolandense,ANTONIO CARLOS SANTANA DA SILVA,631.897,10309,16.31,10453,96.7,0.703,10.31,80339373.39,71617417.3,20921.21
Rosana,3544251,rosanense,CLAUDEMIR PERES FRANCISCO DE OLIVEIRA,744.011,17440,23.44,17533,98.1,0.764,9.95,137035826.5,136278610.8,121065.75
Roseira,3544301,roseirense,FERNANDO AUGUSTO DE SIQUEIRA,129.847,10832,83.42,11095,98.7,0.737,10.53,71083148.49,65756701.23,34421.96
Rubiácea,3544400,rubiacense,JÚLIO CÉSAR FELISMINO,236.484,2700,11.42,2741,99.5,0.721,-,32393181.02,29301733.07,24710.59
Rubinéia,3544509,rubineiense,ALEX OLIVO,242.877,3833,15.78,3965,100,0.759,-,42538623.15,39249054.81,32233.41
Sabino,3544608,sabinense,FERNANDO HENRIQUE FLORINDO,305.285,5112,16.75,5185,97.2,0.728,-,52275820.27,46042705.43,31123.73
Sagres,3544707,sagrense,ROBERTO BATISTA PIRES,147.935,2474,16.72,2519,99.2,0.73,31.25,27455746.73,25476068.9,22566.69
Sales,3544806,salense,JOSEMAR FRANCISCO DE ABREU,308.555,6437,20.86,6612,100,0.751,-,60652265.88,55249122.57,26150.29
Sales Oliveira,3544905,salense,FÁBIO GODOY GRATON,305.776,11411,37.32,11654,98.8,0.772,-,78458597.26,87099802.23,34473.89
Salesópolis,3545001,salesopolense,RODOLFO RODRIGUES MARCONDES,424.997,15202,35.77,15396,98.4,0.732,5.65,106155725.7,84928458.02,14499.33
Salmourão,3545100,salmourense,SÔNIA CRISTINA JACON GABAU,172.934,4808,27.8,4883,98.3,0.719,22.73,32744327.14,30783319.93,18037.04
Saltinho,3545159,saltinhense,HELIO FRANZOL BERNARDINO,99.738,8161,81.82,8371,96.8,0.791,-,55699979.2,55285034.16,44465.92
Salto,3545209,saltense,JOSÉ GERALDO GARCIA,133.057,134319,1009.48,140125,98.4,0.78,13.15,663406583.9,710435597.5,77029.01
Salto de Pirapora,3545308,saltopiraporense,MATHEUS MARUM DE CAMPOS,280.412,43748,156.01,45138,98.6,0.729,22.73,255301721.7,252577624.2,47995.61
Salto Grande,3545407,salto-grandense,MARIO LUCIANO ROSA,188.441,9050,48.03,9212,96.5,0.704,11.36,62516358,53561739.5,29155.3
Sandovalina,3545506,sandovalino ou sandovalinense,MARCOS MENDES DA SILVA,455.856,3645,8,3699,98.2,0.709,21.28,60669366.91,55196573.69,72374.52
Santa Adélia,3545605,santa-adeliense,CIRO CESAR COSTA,330.269,14018,42.44,14203,100,0.76,13.07,84457761.84,81723434.92,24461
Santa Albertina,3545704,santa-albertinense,GERSON FORMIGONI JUNIOR,272.692,6393,23.44,6543,98.8,0.728,-,51469926,53100621.07,35584.96
Santa Bárbara d'Oeste,3545803,barbarense,RAFAEL PIOVEZAN,271.03,183347,676.48,189338,98.4,0.781,12.97,868742227.5,869946422.7,40073.67
Santa Branca,3546009,santa-branquense,ADRIANO MARCHESANI LEVORIN,272.238,13975,51.33,14212,98.8,0.735,-,89034166.37,87987531.68,20959.37
Santa Clara d'Oeste,3546108,santa-clarense,JOSÉ BASILIO DE FARIA,183.458,2598,14.16,2677,98.5,0.733,-,39492119.15,35360595.35,45847.14
Santa Cruz da Conceição,3546207,santa-cruzense,CARLOS EDUARDO ARANHA DE ALBUQUERQUE,150.13,4277,28.49,4365,99.6,0.79,33.33,43312491.23,40708712.48,35264.11
Santa Cruz da Esperança,3546256,santacruzense,MARCOS ANTONIO BAZILIO,148.062,2116,14.29,2162,86.2,0.743,-,30377214.46,29077340.54,29296.72
Santa Cruz das Palmeiras,3546306,palmeirense,LUIZ FERNANDO STOCCO,295.337,28864,97.73,29525,97.3,0.728,14.66,134608174.4,129958676.6,18687.66
Santa Cruz do Rio Pardo,3546405,santa-cruzense,OTACILIO PARRAS ASSIS,1114.747,46442,41.66,47677,96.3,0.762,10.05,292864094.5,290270525,57811.23
Santa Ernestina,3546504,santa-ernestinense,JOSÉ CARLOS SIMÃO,134.421,6118,45.51,6256,99.2,0.738,14.08,37686736.1,34897107.13,18714.85
Santa Fé do Sul,3546603,santa-fé-sulense,EVANDRO FARIAS MURA,206.537,34794,168.46,36098,97.9,0.784,2.54,318634406.3,305346331.6,41007.46
Santa Gertrudes,3546702,santa-gertrudense,LAZARO NOE DA SILVA,98.291,23611,240.22,24107,98.3,0.737,-,247034652.2,218975592.6,139885.74
Santa Isabel,3546801,isabelense,CARLOS AUGUSTO CHINCHILLA ALFONZO,363.332,53174,146.35,54586,97.8,0.738,11.57,263343627.8,259972054.7,28340.36
Santa Lúcia,3546900,santa-luciense,ANTONIO CARLOS ABUABUD JUNIOR,153.86,7149,46.46,7181,98.6,0.737,-,42525451.98,39537840.53,14751.7
Santa Maria da Serra,3547007,serrense,JOSIAS ZANI NETO,252.621,5243,20.75,5314,97.5,0.686,-,40180667.4,34805147.35,24297.18
Santa Mercedes,3547106,mercedense,VALDIR VERONA,166.753,2956,17.73,3012,98.8,0.739,32.26,34680181.52,29422440.77,23436.56
Santana da Ponte Pensa,3547205,santanense-da-ponte-pensa,VAGNER HERNANDES,129.888,1670,12.86,1698,100,0.773,-,29712226.62,23950725.58,27564.35
Santana de Parnaíba,3547304,parnaibano,ELVIS LEONARDO CEZAR,179.949,154105,856.38,162341,97.3,0.814,8.54,1669059966,1560953833,79579.96
Santa Rita d'Oeste,3547403,santa-ritense,OSMAR SAMPAIO,209.8,2733,13.03,2790,100,0.761,-,32433668.62,28878285.62,27518.08
Santa Rita do Passa Quatro,3547502,santa-ritense,MARCELO SIMAO,754.141,24833,32.93,25060,97.8,0.775,9.26,152654397.5,165965721.4,29877.17
Santa Rosa de Viterbo,3547601,santa-rosense,OMAR NAGIB MOUSSA,288.576,23411,81.13,23725,97.9,0.77,18.69,128764427.7,119518116.8,30914.1
Santa Salete,3547650,saletense,JÚLIO CESAR MARTINS MILIATTI,79.192,1645,20.77,1686,100,0.772,-,25175295.87,23077859.86,27025.83
Santo Anastácio,3547700,anastaciano,LUIZ INFANTE,552.876,17963,32.49,18045,98.5,0.753,16.3,91406771.49,86582667.43,26650.73
Santo André,3547809,andreense,GILVAN FERREIRA DE SOUZA JUNIOR,175.782,748919,4260.5,778711,97.4,0.815,10.23,3772410696,4141598594,45062.56
Santo Antônio da Alegria,3547908,alegriense,DENILSON DE CARVALHO,310.311,6775,21.83,6917,97.5,0.702,-,48568322.04,47625640.41,30114.17
Santo Antônio de Posse,3548005,possense,JOSÉ RICARDO CORTEZ,154.133,23244,150.8,23779,97.3,0.702,10.71,174791356.9,177533693.6,78794.3
Santo Antônio do Aracanguá,3548054,aracanguaense,LUIZ CARLOS DOS REIS NONATO,1308.432,8379,6.4,8568,98.9,0.757,29.85,83836705.15,79235083.06,33916.19
Santo Antônio do Jardim,3548104,jardinense,OSVALDO MOREIRA,109.956,6126,55.71,6237,97,0.714,35.71,38509816.16,39772097,37602.53
Santo Antônio do Pinhal,3548203,pinhalense,ANDERSON JOSE MENDONÇA,133.008,7133,53.63,7294,98.3,0.706,24.1,55054801.67,58748836.96,21690.65
Santo Expedito,3548302,expeditense,ANDERSON JOSE BETIO,94.465,3000,31.76,3063,99.1,0.732,-,26446313.6,23497457.63,14964.67
Santópolis do Aguapeí,3548401,santopolitano,GERSON ALVES DE LIMA JUNIOR,128.026,3899,30.45,3933,98.6,0.74,21.28,36722740.91,33527675.37,16609.02
Santos,3548500,santista,ROGÉRIO PEREIRA DOS SANTOS,281.033,418608,1489.53,429567,98.2,0.84,7.99,4328935144,4591046005,55508.46
São Bento do Sapucaí,3548609,sambentista,GILBERTO DONIZETI DE SOUZA,252.579,11674,46.22,11948,98.5,0.72,-,66448190.38,68036068.39,37283.14
São Bernardo do Campo,3548708,são-bernardense,MARCELO DE LIMA FERNANDES,409.532,810729,1979.65,840499,97.6,0.805,8.97,6047597532,6038379292,68571.36
São Caetano do Sul,3548807,sul-caetanense,ANACLETO CAMPANELLA JUNIOR,15.331,165655,10805.23,172109,97.4,0.862,10.81,2344581627,2320378464,95640.71
São Carlos,3548906,são-carlense,ANTONIO DONATO NETTO,1136.907,254857,224.17,265294,97.9,0.805,13.04,1420885276,1413050783,55044.88
São Francisco,3549003,são-francisquense,SEBASTIÃO DE OLIVEIRA BAPTISTA,75.579,2602,34.43,2629,100,0.723,-,27943826.16,27328745.68,18189.76
São João da Boa Vista,3549102,são-joanense,VANDERLEI BORGES DE CARVALHO,516.399,92547,179.22,95762,97.2,0.797,5.42,561130548.8,599412792.9,44794.34
São João das Duas Pontes,3549201,são-joanense,JOSÉ CARLOS BARUCI JÚNIOR,129.462,2580,19.93,2622,99.4,0.72,-,29161009.52,28274017.91,20591.79
São João de Iracema,3549250,iracemense,LUIZ AUGUSTO TORRES,178.396,1846,10.35,1880,98.1,0.748,-,30974994.26,26629224.67,26507.78
São João do Pau d'Alho,3549300,são-joanense,LUCAS DE OLIVEIRA BARBOSA,117.665,2242,19.05,2288,99.2,0.75,-,28592321.45,26901417.26,27920.27
São Joaquim da Barra,3549409,joaquinense,WAGNER JOSE SCHMIDT,410.863,48558,118.19,49815,96.7,0.762,10.29,273572985.8,247466039.4,41547.41
São José da Bela Vista,3549508,bela-vistense,WALTER CÁSSIO CARVALHO FACCIROLLI,276.952,7626,27.54,7690,97.9,0.693,13.33,48006983.65,43681137.26,25749.88
São José do Barreiro,3549607,barreirense,LUIS EDUARDO SANTOS RIBEIRO,570.685,3853,6.75,3898,95.5,0.684,-,46891898.17,44629605.67,15297.56
São José do Rio Pardo,3549706,rio-pardense,MARCIO CALLEGARI ZANETTI,419.684,52205,124.39,53416,97.6,0.774,20.45,273821911,278656045.1,42952.13
São José do Rio Preto,3549805,rio-pretense,FÁBIO ROGÉRIO CANDIDO,431.944,480393,1112.17,501597,98,0.797,9.79,2890331804,2977382094,44679.93
São José dos Campos,3549904,joseense,ANDERSON FARIAS FERREIRA,1099.409,697054,634.03,724756,97.4,0.807,10.41,4265105527,4495678137,61315.88
São Lourenço da Serra,3549953,são-lourensano,FELIPE GEFERSON SEME AMED,186.456,16067,86.17,16458,97.2,0.728,19.61,86006490.43,78122138.83,17697.76
São Luiz do Paraitinga,3550001,luizense,ALEX EUZÉBIO TORRES,617.315,10337,16.75,10497,100,0.697,9.52,65146020.04,62497505.73,19098.4
São Manuel,3550100,são-manuelense,ODIRLEI JOSÉ FÉLIX,650.734,37289,57.3,38166,97.3,0.744,7.11,202947806.9,209688723.6,32463.42
São Miguel Arcanjo,3550209,são-miguelense,ELIAS RODRIGUES DE PAULA,930.339,32039,34.44,32904,95.9,0.71,2.85,154362441.8,144680080.9,28853.83
São Paulo,3550308,paulistano,RICARDO LUIS REIS NUNES,1521.202,11451999,7528.26,11895578,96,0.805,10.88,93231985324,1.06829E+11,66872.84
São Pedro,3550407,são-pedrense,THIAGO SILVERIO DA SILVA,611.278,38256,62.58,39725,94.8,0.755,14.67,224020058.1,220906951.5,24418.31
São Pedro do Turvo,3550506,são-pedrense,LUIZ FELIPE DE CASTRO TAVARES,731.221,7217,9.87,7333,97.4,0.703,22.47,61693894.35,59927011.5,30342.39
São Roque,3550605,são-roquense,MARCOS AUGUSTO ISSA HENRIQUES DE ARAÚJO,306.908,79484,258.98,81342,97.6,0.768,4.42,541012648.1,546559210.9,37074.85
São Sebastião,3550704,sebastianense,REINALDO ALVES MOREIRA FILHO,402.395,81595,202.77,84019,98.2,0.772,11.7,2361066698,1885084091,174696.31
São Sebastião da Grama,3550803,gramense,JOSÉ FRANCISCO MARTHA,252.41,10441,41.37,10484,98.3,0.701,10.53,58429251.66,57346964.24,35304.59
São Simão,3550902,simonense,IZAIAS LEAO DE SOUZA,617.252,13442,21.78,13590,99.8,0.766,-,97180688.66,92021811.32,32456.75
São Vicente,3551009,vicentino,KAYO FELYPE NACHTAJLER AMADO,148.151,329911,2226.86,338407,96.7,0.768,12.87,1490770864,1666649320,16506.51
Sarapuí,3551108,sarapuiano,GUSTAVO DE SOUZA BARROS VIEIRA,352.592,10369,29.41,10632,99,0.707,18.18,60878859.6,57998455.19,19433.04
Sarutaiá,3551207,sarutaiano,JOÃO ANTONIO FULONI,141.608,3704,26.16,3769,98.7,0.688,20.41,35472666.08,31585674.93,26651.32
Sebastianópolis do Sul,3551306,sebastianopolense,JOSE ANTONIO ABREU DO VALLE,167.848,3130,18.65,3187,99,0.773,-,57856181.81,53682530.47,116133.14
Serra Azul,3551405,serra-azulense,DEBORA CRISTINA RIBEIRO DA SILVA,283.144,12746,45.02,13058,96.9,0.686,-,60517051.35,58513382.13,12785.98
Serrana,3551504,serranense,LEONARDO CARESSATO CAPITELI,126.046,43909,348.36,45408,97.5,0.729,11.07,230098765.6,220866402.1,29221.73
Serra Negra,3551603,serrano ou serra-negrense,ELMIR KALIL ABI CHEDID,203.734,29894,146.73,30920,97.8,0.767,7.91,192470714.5,180211139.7,28485.03
Sertãozinho,3551702,sertanezino,JOSÉ ALBERTO GIMENEZ,403.089,126887,314.79,131600,98.5,0.761,8.35,816627628.2,780495570.8,55352.42
Sete Barras,3551801,barrense,ITALO DONIZETH COSTA ROBERTO,1062.699,12730,11.98,12912,96.1,0.673,13.89,76356319.74,74153716.1,29783.21
Severínia,3551900,severinense,GUILHERME AUGUSTO DE ALMEIDA SECCHIERI,140.46,14576,103.77,14724,96,0.715,6.8,98209959.56,89748336.6,15258.78
Silveiras,3552007,silveirense,EDSON MENDES MOTA,414.782,6186,14.91,6313,98.2,0.678,14.08,48894283.01,48663499.8,14518.99
Socorro,3552106,socorrense,MAURICIO DE OLIVEIRA SANTOS,449.029,40122,89.35,41405,97.7,0.729,7.35,199139714.1,185217618.8,26870.22
Sorocaba,3552205,sorocabano,RODRIGO MAGANHATO,449.872,723682,1608.64,757459,98.1,0.798,10.44,4538071957,4415422994,64046.61
Sud Mennucci,3552304,sud-mennucciano,JOSÉ URBINO DOS SANTOS NETO,594.744,7355,12.37,7466,98.3,0.747,-,68589425.87,60338578.29,29307.88
Sumaré,3552403,sumareense,HENRIQUE STEIN SCIASCIO,153.465,279545,1821.56,289787,97.7,0.762,10.46,1213907375,1129281240,55816.79
Suzano,3552502,suzanense,PEDRO CHARLES SHIRAKAWA ISHI,206.236,307429,1490.67,318765,96.7,0.765,11.34,1387161046,1230789065,48818.92
Suzanápolis,3552551,suzanapolense,GERSO ANTONIO DE OLIVEIRA,330.587,3408,10.31,3464,99.8,0.699,33.33,46943476.4,44932713.36,84169.56
Tabapuã,3552601,tabapuãnense,SILVIO CESAR SARTORELLO,345.792,11323,32.75,11499,98.4,0.735,10.64,77975921.35,75810030.46,22859.37
Tabatinga,3552700,tabatinguense,VALTER VALENTIM CAMARGO,368.604,14769,40.07,14994,96.5,0.704,16.67,86234448.09,83768560.9,20278.99
Taboão da Serra,3552809,taboanense,DANIEL PLANA BOGALHO,20.388,273542,13416.81,284274,96.9,0.769,12.73,1162079892,1211631253,34588.58
Taciba,3552908,tacibense,IZIDORO ARCESTI RICCI,607.267,6260,10.31,6399,99.3,0.723,-,62290820.32,54823659.75,29259.48
Taguaí,3553005,taguaíno,EDER CARLOS FOGAÇA DA CRUZ,145.332,12669,87.17,13006,97.3,0.709,13.33,80098788.22,78185749.22,23824.33
Taiaçu,3553104,taiaçuense,SUELI APARECIDA MENDES BIANCARDI,107.059,5677,53.03,5751,97.8,0.71,20.41,39684789.73,36576763.66,17319.16
Taiúva,3553203,taiuvense,MAURO VICENTE BERSI,132.459,6548,49.43,6733,97.8,0.76,-,39404549.65,36011338.63,25108.07
Tambaú,3553302,tambauense,LEONARDO TEIXEIRA SPIGA REAL,561.788,21435,38.15,21682,97.7,0.731,4.26,133140083.3,127877605.3,30119.07
Tanabi,3553401,tanabiense,ALEXANDRE SILVEIRA BERTOLINI,747.218,25265,33.81,26021,99,0.748,7.66,146416719.2,142064710.3,50458.24
Tapiraí,3553500,tapiraiense,ARALDO TODESCO,755.101,7996,10.59,8122,98.3,0.681,-,52744580.64,49903412.61,23966.14
Tapiratiba,3553609,tapiratibense,RAMON JESUS VIEIRA,221.891,11816,53.25,11936,98.2,0.751,11.24,72545053.44,71919141.81,23275.49
Taquaral,3553658,taquaralense,ARI FERNANDO JACINTO,53.892,2619,48.6,2652,98.2,0.759,-,30735733.83,28507298.39,16647.2
Taquaritinga,3553708,taquaritinguense,FULVIO ZUPPANI,594.335,52260,87.93,53322,98.2,0.748,17.08,292431117.5,297730908.5,28846.24
Taquarituba,3553807,taquaritubense,ÉDER MIANO PEREIRA,448.515,24350,54.29,24863,97.8,0.701,14.55,152635840.4,152216213.7,42424.52
Taquarivaí,3553856,taquarivaiense,RUBENS CARLOS SOUTO DE BARROS,231.792,6876,29.66,7112,99.4,0.679,-,52262739.86,49120384.3,61548.88
Tarabai,3553906,tarabaiense,RUBENS PINAFFI JUNIOR,201.385,6536,32.46,6635,99.2,0.726,31.75,47204715.33,47714951.44,22125.16
Tarumã,3553955,tarumaense,ADRIANA BALEJO PIEDADE DA SILVA,302.913,14882,49.13,15248,99,0.753,5.41,123435718.5,106935251.7,58396.99
Tatuí,3554003,tatuiano,MIGUEL LOPES CARDOSO JUNIOR,523.749,123942,236.64,128560,97.6,0.752,10.66,579242876.7,583655302.4,40892.85
Taubaté,3554102,taubateano,SERGIO LUIZ VICTOR JUNIOR,625.003,310739,497.18,321298,98.1,0.8,11.05,1875900687,2050748613,50495.56
Tejupá,3554201,tejupaense,VALTER BORANELLI,296.189,4127,13.93,4142,98.4,0.668,-,39281961.67,36865945.02,31023.44
Teodoro Sampaio,3554300,teodorense,CLAUDIO EVANGELISTA DA SILVA JUNIOR,1555.803,22173,14.25,22559,97.1,0.741,20,131593656.8,129785942.3,26801.81
Terra Roxa,3554409,terra-roxense,ROGERIO RAFAEL FURLINI,221.541,7904,35.68,7985,98.9,0.749,-,45325619.57,44697022.79,18410.36
Tietê,3554508,tieteense,JOSÉ CARLOS REGONHA JUNIOR,404.396,37663,93.13,38690,97.1,0.778,9.11,244271457.4,252500860.8,50258.52
Timburi,3554607,timburiense,CRISTIANO DA CUNHA AMORIM,196.79,2464,12.52,2490,99.7,0.71,-,33158222.79,29148105.69,25047.71
Torre de Pedra,3554656,torrepedrense,CIRO LUIZ PEDROSO,71.348,2046,28.68,2063,98.4,0.714,-,27548000.75,26067649.46,15524.93
Torrinha,3554706,torrinhense,ARI RODOLFO BUZATO,315.267,9335,29.61,9484,96.4,0.744,-,57864033.92,54634840.32,28177.45
Trabiju,3554755,trabijuense,MARCELO RODRIGUES FONSECA,63.421,1682,26.52,1719,98.4,0.722,52.63,25439857.65,23141585.36,25639
Tremembé,3554805,tremembeense,CLEMENTE ANTONIO DE LIMA NETO,191.094,51173,267.79,53083,97.8,0.785,8.85,228221598.7,210423186.7,18591.56
Três Fronteiras,3554904,trifonteirano,FLÁVIO LUIZ RENDA DE OLIVEIRA,151.594,6804,44.88,7013,98.8,0.753,-,39218686.96,36593318.73,20839.4
Tuiuti,3554953,tuiutiense,ALEXANDRE TADEU GONÇALVES,126.731,6778,53.48,6947,97.3,0.728,-,36584291.15,36158745.93,25756.65
Tupã,3555000,tupãense,RENAN VICTOR PONTELLI,627.986,63928,101.8,65416,97.3,0.771,6.69,304668577,294665886.6,33732.18
Tupi Paulista,3555109,tupiense,JULIANO VIGILATO GUIRO,244.77,15854,64.77,16206,99.4,0.769,-,83827383.75,82725707.84,21720.31
Turiúba,3555208,turiubano,JORGE AUGUSTO MOLINA,153.235,1818,11.86,1839,100,0.751,66.67,30257846.64,29035274.17,27877.78
Turmalina,3555307,turmalinense,PRISCILLA TATIANA DIAS MASSONI,147.797,1669,11.29,1672,97.1,0.736,-,30345247.37,28861349.68,44206.07
Ubarana,3555356,ubaranense,VANDERLEI RODRIGUES DA CRUZ,209.861,5365,25.56,5456,99.7,0.7,18.18,52454184.2,50367765.63,32774.2
Ubatuba,3555406,ubatubano,FLAVIA COMITTE DO NASCIMENTO,708.105,92981,131.31,96598,97.7,0.751,10.53,662585496.5,618940133.8,29152.88
Ubirajara,3555505,ubirajarense,LEILA ALVIM BORDIM,282.179,5132,18.19,5265,98.9,0.727,27.4,37207576.7,33413557.56,23709.14
Uchoa,3555604,uchoense,JOSÉ CLAUDIO MARTINS,252.434,10394,41.18,10627,98.2,0.721,31.25,70409269.24,72224314.54,39430.92
União Paulista,3555703,união-paulistense,KENDREA ALVES PAPILE CAVATÃO,79.056,1603,20.28,1628,96.8,0.749,-,28772978.13,24474460.53,30538.05
Urânia,3555802,uraniense,IVAN SOUBHIA GARCIA,209.262,8833,42.21,8973,100,0.746,11.76,43983529.37,46008286.77,31344.02
Uru,3555901,uruense,ROBSON EDUARDO FORTE,146.901,1387,9.44,1419,95.1,0.712,-,28263799.1,24553136.27,40623.52
Urupês,3556008,urupeense,ROBERTO CACCIARI FILHO,323.916,13744,42.43,14038,99.1,0.745,22.06,91094946.94,86706349.96,34609.7
Valentim Gentil,3556107,valentim-gentilense,CLAUDINEI CARVASSAN RODRIGUES,149.741,14098,94.15,14531,98.8,0.735,6.02,78374985.54,77129122.62,31863.26
Valinhos,3556206,valinhense,FRANKLIN DUARTE DE LIMA,148.538,126373,850.78,131277,97.2,0.819,11.35,1017742943,1076608998,59842.76
Valparaíso,3556305,valparaisense,CARLOS ALEXANDRE PEREIRA,857.661,24241,28.26,24723,98,0.725,11.72,165044886.2,149980939.2,45529.09
Vargem,3556354,vargense,LEODECIO ALVES DE LIMA,142.595,10512,73.72,10805,98.1,0.699,8.2,53980520.38,58222282.56,14148.82
Vargem Grande do Sul,3556404,vargem-grandense,CELSO LUIS RIBEIRO,267.178,40133,150.21,41226,98.8,0.737,8.6,205333834,216650320.2,29684.07
Vargem Grande Paulista,3556453,vargem-grandense,PITER APARECIDO DOS SANTOS,42.489,50415,1186.54,52103,97.2,0.77,8.96,305049741.1,321818139.3,53359.16
Várzea Paulista,3556503,varzino,RODOLFO WILSON RODRIGUES BRAGA,35.12,115771,3296.44,119576,96.9,0.759,13.16,469574174.1,500887314.5,31913.34
Vera Cruz,3556602,vera-cruzense,RODOLFO SILVA DAVOLI,247.716,10176,41.08,10294,99,0.754,9.09,59211460.88,47961690.34,22231.9
Vinhedo,3556701,vinhedense,DARIO PACHECO DE MORAIS,80.95,76540,945.52,79235,97.5,0.817,5.68,873081884.2,864024627.2,154054.53
Viradouro,3556800,viradourense,NILTON AUGUSTO ALVES FILHO,217.726,17414,79.98,17681,98.4,0.739,9.48,111367231.4,106845539.1,23190.53
Vista Alegre do Alto,3556909,vista-alegrense,NELSON ANTONIO ROZANI,95.429,8109,84.97,8327,100,0.744,13.89,61446127.49,57451056.05,46388.5
Vitória Brasil,3556958,vitoriabrasiliense,PAULO HENRIQUE MIOTTO,49.832,1794,36,1826,98.5,0.725,38.46,24589607.12,21669151,24394.51
Votorantim,3557006,votorantinense,WEBER MAGANHATO JUNIOR,184.186,127923,694.53,132849,97.8,0.767,12.57,591225865.3,640504674,31487.9
Votuporanga,3557105,votuporanguense,JORGE AUGUSTO SEBA,420.703,96634,229.7,100159,98.8,0.79,10.25,581132723.5,527043868.2,40190.41
Zacarias,3557154,zacariense,HEDER JEAN BRUNO DE OLIVEIRA,319.056,2692,8.44,2761,98.6,0.729,-,45559837.13,41378926.32,46763.19
Chavantes,3557204,chavantense,LUIZ FILIPE DE PAULA JACINTO,188.727,12211,64.7,12411,98.6,0.729,21.74,68861543.65,67976116.6,21448.28
Estiva Gerbi,3557303,estivense,MARCIO ROBERTO PAVAN,74.144,11295,152.34,11566,98.6,0.74,-,77692260.01,66308785.4,33843.06
,,,,,,,,,,,,,
,,,,,,,,,,,,,
Notas:,,,,,,,,,,,,,
Escolarização 6 a 14 anos : [população residente no município de 6 a 14 anos de idade matriculada no ensino regular/total de população residente no município de 6 a 14 anos de idade] x 100,,,,,,,,,,,,,
Fontes:,,,,,,,,,,,,,
"Área Territorial: Área territorial brasileira 2022. Rio de Janeiro: IBGE, 2023",,,,,,,,,,,,,
População no último censo: Censo 2022: População e Domicílios - Primeiros Resultados - Atualizado em 22/12/2023,,,,,,,,,,,,,
Densidade demográfica: Censo 2022: População e Domicílios - Primeiros Resultados - Atualizado em 22/12/2023,,,,,,,,,,,,,
"População estimada: IBGE, Diretoria de Pesquisas, Coordenação de População e Indicadores Sociais, Estimativas da população residente com data de referência 1o de julho de 2024",,,,,,,,,,,,,
"Escolarização 6 a 14 anos : IBGE, Censo Demográfico 2010",,,,,,,,,,,,,
IDHM Índice de desenvolvimento humano municipal : Programa das Nações Unidas para o Desenvolvimento - PNUD,,,,,,,,,,,,,
"Mortalidade infantil: Ministério da Saúde, Departamento de Informática do Sistema Único de Saúde - DATASUS 2022",,,,,,,,,,,,,
"Total de receitas brutas realizadas: Siconfi: Sistema de Informações Contábeis e Fiscais do Setor Público Brasileiro. Brasília, DF, [2023]. Disponível em: https://siconfi.tesouro.gov.br/siconfi/pages/public/consulta_finbra/finbra_list.jsf. Acesso em: jun. 2024, Contas anuais. Receitas orçamentárias realizadas (Anexo I-C) 2023 e Despesas orçamentárias empenhadas (Anexo I-D) 2023. In: Brasil. Secretaria do Tesouro Nacional",,,,,,,,,,,,,
"Total de despesas brutas empenhadas: Siconfi: Sistema de Informações Contábeis e Fiscais do Setor Público Brasileiro. Brasília, DF, [2023]. Disponível em: https://siconfi.tesouro.gov.br/siconfi/pages/public/consulta_finbra/finbra_list.jsf. Acesso em: jun. 2024, Contas anuais. Receitas orçamentárias realizadas (Anexo I-C) 2023 e Despesas orçamentárias empenhadas (Anexo I-D) 2023. In: Brasil. Secretaria do Tesouro Nacional",,,,,,,,,,,,,
"PIB per capita: IBGE, em parceria com os Órgãos Estaduais de Estatística, Secretarias Estaduais de Governo e Superintendência da Zona Franca de Manaus - SUFRAMA",,,,,,,,,,,,,